date,portfolio_volatility,average_correlation,pc1_variance_share,regime_stress_score,regime
2015-03-31,0.07730762914962265,0.231918868179572,0.49758274192040164,,
2015-04-01,0.07804107274812393,0.24297161943537043,0.4966524360802452,,
2015-04-02,0.07789086516415729,0.2522737740098312,0.49814915617283173,,
2015-04-06,0.07824892444441717,0.2546246763471618,0.49532386014717317,,
2015-04-07,0.07821945043456155,0.25855284561479003,0.48919259712729624,,
2015-04-08,0.07770025595160836,0.25866957459246737,0.4835963239229272,,
2015-04-09,0.07875548158062767,0.2650316765044647,0.4893755545094788,,
2015-04-10,0.07899020845583919,0.2637425536637652,0.48778251987641263,,
2015-04-13,0.07902094637388117,0.2653472365034922,0.4864375441293339,,
2015-04-14,0.07797961069381897,0.2759336079456585,0.4835228427498231,,
2015-04-15,0.07828626267766386,0.2903664913001799,0.4928782805861115,,
2015-04-16,0.07718173429438219,0.2860138525156753,0.4903631492285041,,
2015-04-17,0.07724092510688181,0.2829522701757378,0.49376678502331234,,
2015-04-20,0.0772761611593435,0.2878427812463235,0.49974615965324504,,
2015-04-21,0.07723432827298692,0.29496291507075895,0.5046022319708866,,
2015-04-22,0.07774306560970856,0.2886088287803436,0.503133263844971,,
2015-04-23,0.07807585866273556,0.2987994796970857,0.5032704951224553,,
2015-04-24,0.07811068615836761,0.3083516999472272,0.5063313585831294,,
2015-04-27,0.07775959906362824,0.30627482374558224,0.49936409888506855,,
2015-04-28,0.07630995706102144,0.3110347075725421,0.4850819687560919,,
2015-04-29,0.07692533159671223,0.3113115295986965,0.4817538255817161,,
2015-04-30,0.0775761018789337,0.338543330307982,0.49335232415783764,,
2015-05-01,0.07810530474418449,0.3296411090116288,0.49300161054766733,,
2015-05-04,0.07802678300852145,0.33260190945782814,0.49562756528634316,,
2015-05-05,0.07381168456699203,0.3056053535753308,0.4759165648671161,,
2015-05-06,0.0742287249532981,0.3020235056471242,0.4711055032429995,,
2015-05-07,0.07450451401886289,0.3035205639039918,0.46937601400809753,,
2015-05-08,0.0762479617373267,0.32092836024876903,0.47906927459187804,,
2015-05-11,0.0768867161055567,0.30693993040246553,0.4681571915459238,,
2015-05-12,0.07707471825401152,0.30944462576987763,0.47034591272320725,,
2015-05-13,0.07579303614096179,0.29842294899443855,0.4599268796412893,,
2015-05-14,0.07608192165825292,0.301347892487597,0.46089622528179197,,
2015-05-15,0.07681366273704668,0.2971111808933903,0.4579424444447716,,
2015-05-18,0.07761347169378931,0.29827556743714867,0.459847632995348,,
2015-05-19,0.07859983768128155,0.30578643662199745,0.4656249736083878,,
2015-05-20,0.07812363574451264,0.3076622468995517,0.46763708532046777,,
2015-05-21,0.0787351161692975,0.30863684702773714,0.46821875146321457,,
2015-05-22,0.07834340074595227,0.30576231105527635,0.46540447647696037,,
2015-05-26,0.0782891070784334,0.2903478531826383,0.4511483795518895,,
2015-05-27,0.07751919479477515,0.29292695054517337,0.4510789363943299,,
2015-05-28,0.0774637270158889,0.2926072757185029,0.45089682268839126,,
2015-05-29,0.07726523588155763,0.29068661506321314,0.450029048758096,,
2015-06-01,0.07773616954015243,0.2916768713804255,0.45164113417567603,,
2015-06-02,0.06917819548641307,0.21754824683527038,0.4051608489662601,,
2015-06-03,0.06945793704214313,0.21507524645020074,0.40525960493975527,,
2015-06-04,0.06935718170918091,0.2145472587466672,0.4072014676416121,,
2015-06-05,0.07044398447155512,0.23084907113548953,0.41906397882365864,,
2015-06-08,0.0703666162904949,0.23235254314126888,0.41942590083783005,,
2015-06-09,0.06995738360121703,0.22793087494107955,0.41703442502130394,,
2015-06-10,0.06931786253517534,0.21903542833202713,0.41065074195277756,,
2015-06-11,0.07022567273824853,0.21716147761033872,0.4096186424619332,,
2015-06-12,0.06246175642380033,0.15077194688255102,0.3880420892125447,,
2015-06-15,0.06134061378216653,0.14129357281603408,0.38753399519276793,,
2015-06-16,0.05887950103104011,0.11707820236867401,0.38621249528888785,,
2015-06-17,0.059001054613455374,0.11661060465897963,0.38574931699820475,,
2015-06-18,0.05963005533879495,0.12437350936888389,0.38645062432364624,,
2015-06-19,0.05906018424363792,0.11437710841004005,0.3896099060415891,,
2015-06-22,0.06076889157047119,0.12351022464411884,0.3945678885636791,,
2015-06-23,0.06078973280990875,0.12661112144931627,0.3961071083534395,,
2015-06-24,0.060724364991632335,0.12958619096542906,0.39919557405801165,0.11666666666666665,calm
2015-06-25,0.06076427926294675,0.13225537099950518,0.3978030235921495,0.12568306010928962,calm
2015-06-26,0.059705009546040376,0.13304820770575462,0.39579108646098393,0.11827956989247312,calm
2015-06-29,0.060127165055793526,0.10903245645435977,0.41232761289180786,0.12698412698412698,calm
2015-06-30,0.05974481079827679,0.1053294396556601,0.41448884811467673,0.13020833333333334,calm
2015-07-01,0.06009521150905153,0.10816405884826932,0.41734168730204835,0.14871794871794872,calm
2015-07-02,0.060113181986993384,0.1071627922569502,0.4170638524932022,0.15151515151515152,calm
2015-07-06,0.059551739874615234,0.0997615164267938,0.41404151221009505,0.1144278606965174,calm
2015-07-07,0.05912742427010225,0.09049368473891586,0.41140465348417804,0.10784313725490197,calm
2015-07-08,0.059177536528621046,0.08760824320450325,0.4141124980480266,0.12560386473429952,calm
2015-07-09,0.0593882880892935,0.08485325232926358,0.4161176739163659,0.13809523809523808,calm
2015-07-10,0.05880904372744483,0.07248719881349813,0.42421414459712375,0.14084507042253522,calm
2015-07-13,0.058814009735228975,0.0718938387531995,0.4237745136252873,0.14351851851851852,calm
2015-07-14,0.059095173022295944,0.07822428111512202,0.4195124516624687,0.16894977168949774,calm
2015-07-15,0.05905241069853038,0.07792974730529707,0.41990364873785807,0.16666666666666666,calm
2015-07-16,0.05928131350832096,0.0784323099164708,0.4176815200095846,0.1822222222222222,calm
2015-07-17,0.05862782998273391,0.08058695352620016,0.4165753408640834,0.13157894736842105,calm
2015-07-20,0.05983558461922814,0.08216607093796284,0.41611148595008024,0.19913419913419914,calm
2015-07-21,0.059770873165835334,0.08564087770253388,0.41859717455874534,0.23504273504273507,calm
2015-07-22,0.05919297574442545,0.08832257355699699,0.41990789735549383,0.23628691983122363,calm
2015-07-23,0.059203794099958296,0.0913880495014793,0.4186609791086175,0.22916666666666666,calm
2015-07-24,0.0584980528199821,0.08846549575947199,0.420783615134211,0.20164609053497942,calm
2015-07-27,0.05735793537257171,0.08120699523562626,0.4192994947427803,0.16260162601626016,calm
2015-07-28,0.05666451246184269,0.08357184760351488,0.4221820819827159,0.19277108433734938,calm
2015-07-29,0.056703959780669326,0.0875594678456991,0.4213098610213122,0.20634920634920637,calm
2015-07-30,0.05661890255679231,0.08740328658131788,0.4241576926921546,0.21176470588235294,calm
2015-07-31,0.05658169594972205,0.09202895154633357,0.4249186995278539,0.2441860465116279,calm
2015-08-03,0.05626165986834875,0.0907308608594916,0.42915426639335424,0.24137931034482762,calm
2015-08-04,0.05398987287144849,0.06357488815366194,0.43911632681765855,0.178030303030303,calm
2015-08-05,0.052353429606909696,0.06683996923398026,0.44494622653205496,0.18352059925093633,calm
2015-08-06,0.052085268385195276,0.06394887882519934,0.44791468089083913,0.1851851851851852,calm
2015-08-07,0.052166028257028534,0.0689340025499768,0.4478310754024535,0.19413919413919414,calm
2015-08-10,0.051442417474524486,0.05447342267654191,0.46251572398263807,0.21739130434782608,calm
2015-08-11,0.05039579802220704,0.04766260173277455,0.46810856177225446,0.2293906810035842,calm
2015-08-12,0.049541228965935,0.04045992296779804,0.4729441330515756,0.24822695035460995,calm
2015-08-13,0.04769251164519311,0.025178750225832013,0.4791452992694225,0.25614035087719295,calm
2015-08-14,0.04782510810817553,0.026592430771999454,0.4786728518963187,0.2569444444444444,calm
2015-08-17,0.046802574775005594,0.017557626755657578,0.4841001727033153,0.26804123711340205,calm
2015-08-18,0.04656285969658035,0.014955595346327821,0.48640064778120845,0.272108843537415,calm
2015-08-19,0.04728244557154402,0.02408687670672443,0.4730502129853721,0.25252525252525254,calm
2015-08-20,0.04720317605885682,0.014547810912997108,0.4740181696123275,0.24666666666666667,calm
2015-08-21,0.04785743940545958,0.017428215881815087,0.46503289145578963,0.2277227722772277,calm
2015-08-24,0.05119509791856168,0.031087872075031088,0.4407502786173561,0.20915032679738563,calm
2015-08-25,0.0545258457301725,0.0559663906764165,0.4353409818832672,0.2362459546925566,calm
2015-08-26,0.054579759760338645,0.052299278624278835,0.4306257484890038,0.23397435897435895,calm
2015-08-27,0.05440665572434432,0.048976269126043935,0.42327226992803807,0.2126984126984127,calm
2015-08-28,0.054648756032765394,0.0531578130322796,0.42402424186656223,0.2327044025157233,calm
2015-08-31,0.053922806220059634,0.045773701467815696,0.4217678397384041,0.19937694704049844,calm
2015-09-01,0.05424080610611157,0.04108390943313593,0.42813069855947733,0.22839506172839505,calm
2015-09-02,0.05418551963148196,0.04180756306966317,0.43184177865009354,0.23853211009174313,calm
2015-09-03,0.053558757331998996,0.04016972018696666,0.42981459616726514,0.2212121212121212,calm
2015-09-04,0.05243151270519301,0.038635384489222976,0.4379681785106156,0.23123123123123124,calm
2015-09-08,0.05311743587243969,0.02949156806785483,0.4479181130661575,0.24702380952380953,calm
2015-09-09,0.053711967392730944,0.028720175000983672,0.44683881203662196,0.2448377581120944,calm
2015-09-10,0.0533505935219371,0.024496223980089743,0.45038665251921556,0.24853801169590642,calm
2015-09-11,0.0532422240309824,0.02553865735375959,0.4500650528908029,0.2521739130434783,calm
2015-09-14,0.05247129528883374,0.026083518939106525,0.45186271635917696,0.2672413793103448,calm
2015-09-15,0.05284522290184802,0.030756219008099682,0.4545457611327369,0.28205128205128205,calm
2015-09-16,0.05222568421636834,0.026187173011250092,0.4462865503923437,0.22881355932203387,calm
2015-09-17,0.05377258820981915,0.040770310363657726,0.4448349556859627,0.27731092436974786,calm
2015-09-18,0.05382574505721283,0.03809890790845501,0.4501060959908395,0.29444444444444445,calm
2015-09-21,0.054629546418774634,0.04329940563288031,0.4530895352381033,0.3526170798898072,calm
2015-09-22,0.0544367503054479,0.03741224293115171,0.4554385283936988,0.33060109289617484,calm
2015-09-23,0.05391074004752484,0.038545555350558744,0.4435736208115582,0.27100271002710025,calm
2015-09-24,0.054590298982490626,0.03517767238722117,0.4428158261376212,0.28763440860215056,calm
2015-09-25,0.054875434988428576,0.03765907102927969,0.4420874037028204,0.29866666666666664,calm
2015-09-28,0.055363164108175954,0.03282658954464651,0.4410822860696847,0.29365079365079366,calm
2015-09-29,0.05450403313498768,0.028754067088398238,0.4416651522396931,0.27034120734908135,calm
2015-09-30,0.05452761335532489,0.0344233107815626,0.445480206748103,0.3020833333333333,calm
2015-10-01,0.05447343021766508,0.03717586003758959,0.4419044499461587,0.2868217054263566,calm
2015-10-02,0.057776438852260165,0.06141002693224484,0.43823300815394683,0.36410256410256414,calm
2015-10-05,0.05779172780351038,0.07346844827069252,0.4379706437620472,0.38167938931297707,calm
2015-10-06,0.0582790579362759,0.0778384492420312,0.43729643164364546,0.3813131313131313,calm
2015-10-07,0.05814936717738379,0.07796499915159798,0.433888314388474,0.38095238095238093,calm
2015-10-08,0.05813168566524305,0.07679386728392548,0.43908866980265693,0.3880597014925373,calm
2015-10-09,0.058347827714990065,0.07404215092921809,0.44047443500070177,0.39753086419753086,calm
2015-10-12,0.058846809923806656,0.08086201340155852,0.4420045770515387,0.4387254901960784,calm
2015-10-13,0.056783634557608105,0.07425087658139969,0.4391501925841217,0.3795620437956204,calm
2015-10-14,0.05893902323809731,0.09351635978407755,0.44636118908333544,0.5,transitional
2015-10-15,0.05895402787353494,0.09384885278439972,0.4493208640402079,0.513189448441247,transitional
2015-10-16,0.05901599799121425,0.09844093415476059,0.4527946425783873,0.5404761904761904,transitional
2015-10-19,0.059071388893261856,0.09972304595926462,0.4533627131561435,0.5508274231678487,transitional
2015-10-20,0.05911259436110671,0.10055805621631635,0.45294086215501317,0.5539906103286385,transitional
2015-10-21,0.059056590037976434,0.09528874998216558,0.4482715328344246,0.5104895104895105,transitional
2015-10-22,0.05949565806241855,0.09705067873937867,0.4454361014445014,0.5185185185185185,transitional
2015-10-23,0.05959908908775239,0.10050804216260026,0.45246674752307875,0.5724137931034483,transitional
2015-10-26,0.05922153194538133,0.09757686635940657,0.4510289351436756,0.5433789954337899,transitional
2015-10-27,0.05921770223184196,0.10154560094215222,0.4549061111472515,0.5782312925170068,transitional
2015-10-28,0.05901050747347849,0.10138546177281196,0.461666046061021,0.563063063063063,transitional
2015-10-29,0.06018653077792274,0.10372861631520829,0.4615581848714509,0.6241610738255033,transitional
2015-10-30,0.060283968023316814,0.10582788986423008,0.4613914494294736,0.6266666666666666,transitional
2015-11-02,0.06005603182455817,0.10605774973085466,0.46570381731637855,0.6313465783664459,transitional
2015-11-03,0.060407564406193805,0.11367201209756542,0.4726668059174048,0.6666666666666666,transitional
2015-11-04,0.0603791909440686,0.1154928614844661,0.46886513016726644,0.6601307189542484,transitional
2015-11-05,0.06061954941957144,0.12037796592699927,0.4734170235575316,0.6818181818181818,transitional
2015-11-06,0.06312886405673682,0.14163714198363023,0.48427093718023745,0.7311827956989246,stressed
2015-11-09,0.06303908935144589,0.13825070644715615,0.48175564270004795,0.717948717948718,stressed
2015-11-10,0.06286512902693106,0.13891087721588471,0.4828643210924119,0.7176220806794055,stressed
2015-11-11,0.06277346707350263,0.14030886396809292,0.4855096647990709,0.7278481012658228,stressed
2015-11-12,0.062104195919756806,0.13658174576416313,0.4781607915817879,0.6939203354297693,transitional
2015-11-13,0.06198367732704834,0.14074431101118642,0.47346712868767005,0.69375,transitional
2015-11-16,0.06187689517662401,0.14361674367914073,0.4717377337759674,0.6873706004140786,transitional
2015-11-17,0.05930751471202598,0.13442945137382664,0.4811206082400606,0.6460905349794239,transitional
2015-11-18,0.0561572065706641,0.11135016091673999,0.4818552908210144,0.5480572597137013,transitional
2015-11-19,0.056817055055404304,0.1280272067130314,0.4689709827147275,0.5426829268292682,transitional
2015-11-20,0.0562215477511259,0.12694882335555538,0.4742473501840921,0.5494949494949495,transitional
2015-11-23,0.05614562662044896,0.12626388130532165,0.4724403246953853,0.5301204819277109,transitional
2015-11-24,0.05550782331261544,0.1198744680605176,0.47594452956312805,0.5389221556886228,transitional
2015-11-25,0.055147442616410296,0.1280810329378887,0.46973149556441757,0.5257936507936508,transitional
2015-11-27,0.05554986609331134,0.13149674619977259,0.46625604496734074,0.5187376725838265,transitional
2015-11-30,0.05562899082752749,0.1358708995507966,0.471699417539965,0.5470588235294117,transitional
2015-12-01,0.05723007544541846,0.1531537018306796,0.46651243889537025,0.5653021442495126,transitional
2015-12-02,0.05874220857170554,0.18990123002277665,0.477380262879867,0.6279069767441862,transitional
2015-12-03,0.05937554854117028,0.14743162427600218,0.4233807883774193,0.48554913294797686,calm
2015-12-04,0.0632452708450986,0.16881054899025594,0.4224668152149799,0.5478927203065135,transitional
2015-12-07,0.06337135873777643,0.1641184098500914,0.41803736661647617,0.5238095238095238,transitional
2015-12-08,0.06347734770509816,0.16495344477726098,0.41735527460993316,0.5227272727272728,transitional
2015-12-09,0.06274192400674351,0.16074659752147702,0.40729915223915847,0.4821092278719397,calm
2015-12-10,0.06156719454013818,0.15412434932010408,0.4090633462598911,0.4737827715355805,calm
2015-12-11,0.05995656515262305,0.1340635813395997,0.40444749973143046,0.41340782122905023,calm
2015-12-14,0.06147695197436044,0.15388456687519406,0.41225513869200053,0.48148148148148157,calm
2015-12-15,0.060733537728034394,0.1503051372046581,0.40886364009802223,0.4604051565377532,calm
2015-12-16,0.061329256485624845,0.16175802261064237,0.41295680435345844,0.489010989010989,calm
2015-12-17,0.06260655712486662,0.15745225409666713,0.4026974345122026,0.4772313296903461,calm
2015-12-18,0.061824970985753895,0.15390876421027705,0.40449411288698994,0.4692028985507246,calm
2015-12-21,0.061581090072541325,0.14770582037415145,0.40006744105084596,0.45585585585585586,calm
2015-12-22,0.061201881626233245,0.16115749740225643,0.40979534754724056,0.482078853046595,calm
2015-12-23,0.06125746427068717,0.15955703203930277,0.4078199075871135,0.4741532976827094,calm
2015-12-24,0.06170559009370533,0.16705737539732768,0.41068070839934356,0.5035460992907802,transitional
2015-12-28,0.0618451954881393,0.16753823568611453,0.4101662450267422,0.5044091710758377,transitional
2015-12-29,0.05851755891506034,0.1402323326544233,0.41025351931467324,0.3631578947368421,calm
2015-12-30,0.05885146623960817,0.147676747180004,0.40602230457791155,0.3699825479930192,calm
2015-12-31,0.058356197150878274,0.1419400186623801,0.40105761702845094,0.34375,calm
2016-01-04,0.058118458099296416,0.13324811223826147,0.40538257184069076,0.32642487046632124,calm
2016-01-05,0.058085144585875464,0.13635627798173588,0.40275825570714524,0.3247422680412371,calm
2016-01-06,0.05807512193172467,0.13278667498788715,0.41168083254435206,0.34700854700854705,calm
2016-01-07,0.057481455085663054,0.1206692010582088,0.41149577130787274,0.3248299319727891,calm
2016-01-08,0.057765082223051316,0.12169649988005944,0.41086795274161714,0.32487309644670054,calm
2016-01-11,0.05551979408541842,0.0982571408474084,0.39957711738881835,0.2239057239057239,calm
2016-01-12,0.05575928948668858,0.0937702931710327,0.3931358545446337,0.21273031825795644,calm
2016-01-13,0.05577236457699175,0.08825872609621221,0.40019248108541705,0.215,calm
2016-01-14,0.056025618056209626,0.08523996349947106,0.41122376142538264,0.24543946932006633,calm
2016-01-15,0.05606208514616121,0.07674905540181301,0.41119941080115024,0.22607260726072606,calm
2016-01-19,0.05618038197901727,0.08314364764424151,0.4139147111339502,0.26108374384236455,calm
2016-01-20,0.05577018258922624,0.07744632621882805,0.4231653878389129,0.27941176470588236,calm
2016-01-21,0.05578455088832903,0.07623176316414376,0.42035667350567546,0.2699186991869919,calm
2016-01-22,0.05619122969354315,0.07710417274525243,0.41918687270137944,0.2750809061488673,calm
2016-01-25,0.0561758264510751,0.07454327714132936,0.41949929212702264,0.27214170692431566,calm
2016-01-26,0.05843418160818099,0.09347936537465706,0.41199813239267574,0.3237179487179487,calm
2016-01-27,0.05772748513823694,0.09718294317775009,0.40445719246987744,0.27910685805422647,calm
2016-01-28,0.05761402077357283,0.09334755346129169,0.4032223844259884,0.26666666666666666,calm
2016-01-29,0.05950442216211855,0.09938714096805581,0.39288075689511753,0.334913112164297,calm
2016-02-01,0.059564255661625064,0.09650194120083386,0.3899269996253061,0.3286163522012579,calm
2016-02-02,0.05930874296866491,0.08946597171035839,0.39026351016075783,0.3051643192488263,calm
2016-02-03,0.05938925696046745,0.08267601480039384,0.389766365835725,0.2897196261682243,calm
2016-02-04,0.05661779062984672,0.05542057862707313,0.3901535201552863,0.16899224806201552,calm
2016-02-05,0.05658000191489768,0.052708326274613346,0.39125057119433954,0.16666666666666666,calm
2016-02-08,0.05726528676021694,0.051336644393037964,0.4041080698491786,0.2012288786482335,calm
2016-02-09,0.05725798614567154,0.05152324796477483,0.40404276278007195,0.2018348623853211,calm
2016-02-10,0.05776087672526603,0.056998292939556806,0.4030985541992737,0.2191780821917808,calm
2016-02-11,0.05917505939792825,0.05151201789549403,0.41205844153158844,0.30303030303030304,calm
2016-02-12,0.0590130700819239,0.04373555836582105,0.4259411004189014,0.34539969834087486,calm
2016-02-16,0.06170604536224246,0.062248563272339796,0.43310787194756023,0.45645645645645644,calm
2016-02-17,0.06150336984767197,0.05936459552628605,0.4331145808803675,0.44992526158445445,calm
2016-02-18,0.06327799228795203,0.06751930189580374,0.43885510489271634,0.494047619047619,calm
2016-02-19,0.06312946767951524,0.0659694194206586,0.4389187665914683,0.49037037037037035,calm
2016-02-22,0.0633415871983938,0.06146976943111297,0.43592359480925486,0.4808259587020649,calm
2016-02-23,0.06332189482048581,0.05780344325627408,0.43914658384562705,0.4889867841409692,calm
2016-02-24,0.06332189346258808,0.057796305458433686,0.43899868222532984,0.48391812865497075,calm
2016-02-25,0.063719437481727,0.06293478469377724,0.43405295500653135,0.4861717612809316,calm
2016-02-26,0.06472655685056163,0.0678090712870371,0.4325356179821472,0.4898550724637681,calm
2016-02-29,0.06337587008819479,0.05854926923325114,0.4393173388606035,0.4963924963924964,transitional
2016-03-01,0.06141732548308386,0.04134512527477063,0.45502803816526344,0.48850574712643674,calm
2016-03-02,0.06084723253036544,0.07085926952599475,0.48266780992813724,0.5937052932761088,transitional
2016-03-03,0.058888954211891505,0.06578026467862877,0.4916571824951717,0.5327635327635328,transitional
2016-03-04,0.05864049867618293,0.06855264309364355,0.4976263271453653,0.5418439716312057,transitional
2016-03-07,0.05852489958899228,0.06756319505321802,0.49816695548400863,0.5395480225988701,transitional
2016-03-08,0.05856319804376616,0.06602020683029688,0.49606397113108186,0.530239099859353,transitional
2016-03-09,0.058778526592920814,0.06592216781664884,0.4978539498239535,0.5378151260504201,transitional
2016-03-10,0.05922500968717297,0.06827082930103379,0.49178325596004036,0.5676429567642957,transitional
2016-03-11,0.05726192548162442,0.04726852486163529,0.48126298985763555,0.42777777777777776,calm
2016-03-14,0.05758025294313856,0.04413274942021121,0.4765216461584391,0.4218533886583679,calm
2016-03-15,0.057281336818936504,0.04485664357082701,0.4795189971679734,0.42699724517906334,calm
2016-03-16,0.058039624716917294,0.061071829804760135,0.49000364322037987,0.49108367626886146,calm
2016-03-17,0.05869526644223067,0.06503369262986322,0.4873736988739048,0.5163934426229508,transitional
2016-03-18,0.05843514289386822,0.06423894078848667,0.48792464679244213,0.508843537414966,transitional
2016-03-21,0.059097284024392426,0.06843881973134322,0.486212735945267,0.5528455284552846,transitional
2016-03-22,0.059413677254363494,0.07174896251461224,0.48554601093169125,0.5775978407557355,transitional
2016-03-23,0.059822866465295804,0.05797072838643064,0.47042169350214424,0.5120967741935484,transitional
2016-03-24,0.05954390012326306,0.05648500356681678,0.4716860632014993,0.499330655957162,transitional
2016-03-28,0.05917153437852518,0.05500242050978107,0.4677620977594337,0.45999999999999996,calm
2016-03-29,0.06182374430284406,0.07354087697050288,0.4663998453448194,0.5750332005312085,transitional
2016-03-30,0.06256490130866366,0.07620534833117935,0.4697163037621926,0.6005291005291005,transitional
2016-03-31,0.06264959962545996,0.07813813411031359,0.47113060572347326,0.619235836627141,transitional
2016-04-01,0.06267050390069685,0.07437540731714323,0.4692272434508652,0.5971128608923885,transitional
2016-04-04,0.06263685059102449,0.07663244708287564,0.46157389300237156,0.5777777777777778,transitional
2016-04-05,0.06247230242818645,0.07266397190869,0.4682558295308877,0.58203125,transitional
2016-04-06,0.06200624406878595,0.07022918106617028,0.47304097845174814,0.5940337224383917,transitional
2016-04-07,0.061188475967517544,0.06349552849248556,0.47642742335072497,0.5607235142118863,transitional
2016-04-08,0.06119140908781921,0.06534775072565965,0.48468978341342334,0.5907335907335908,transitional
2016-04-11,0.06121227806119582,0.0654880667975441,0.48126072943066966,0.5794871794871795,transitional
2016-04-12,0.06058307433124074,0.06290440496353106,0.4717223831856063,0.5287356321839081,transitional
2016-04-13,0.06031598606202298,0.06453688618148348,0.47233887096358607,0.534351145038168,transitional
2016-04-14,0.061014781162581494,0.06633370827067646,0.47378985601675233,0.5665399239543726,transitional
2016-04-15,0.06131660602600683,0.07123602983482527,0.4723850066607016,0.577020202020202,transitional
2016-04-18,0.06128601774353712,0.07263210070641572,0.47187927232102056,0.5786163522012578,transitional
2016-04-19,0.06173335659127329,0.07308728614262314,0.468886728817567,0.5764411027568922,transitional
2016-04-20,0.06273827216024454,0.08103832318113127,0.473027354432083,0.6454431960049938,transitional
2016-04-21,0.06170693200482094,0.07428148802667295,0.47418673681347684,0.6119402985074628,transitional
2016-04-22,0.06121074242812416,0.06432937900715821,0.4792321342975294,0.5700123915737298,transitional
2016-04-25,0.06126047610088877,0.06568292321301437,0.4780213397519467,0.5728395061728394,transitional
2016-04-26,0.06008954669403661,0.056456699771143856,0.4961556415528171,0.5670356703567035,transitional
2016-04-27,0.06016136594737418,0.0646221333074524,0.4983237538753949,0.6029411764705882,transitional
2016-04-28,0.06048026405205959,0.069136468263082,0.5032850391956439,0.6361416361416362,transitional
2016-04-29,0.06047415302802561,0.07540798819002485,0.5072872217285519,0.6581508515815085,transitional
2016-05-02,0.060314700473780555,0.07308374743581747,0.5100256305260071,0.6436363636363637,transitional
2016-05-03,0.060231164047069255,0.06449351983266459,0.5129901684984488,0.6074879227053139,transitional
2016-05-04,0.06008956039189548,0.07427811814966687,0.49872961951971057,0.6305655836341757,transitional
2016-05-05,0.06003927088830865,0.07546825749939448,0.5015561429452323,0.6354916067146282,transitional
2016-05-06,0.0595858202610641,0.07250329862812609,0.4993278568378844,0.6057347670250895,transitional
2016-05-09,0.05902187916391496,0.083861258283196,0.48710690661656,0.5833333333333334,transitional
2016-05-10,0.059300181411798644,0.09902748540566278,0.4713619532244302,0.5753262158956108,transitional
2016-05-11,0.055941677280144556,0.08745875019032018,0.4440521554601953,0.375886524822695,calm
2016-05-12,0.056206867991695976,0.09219600837866207,0.44589570388887695,0.40282685512367494,calm
2016-05-13,0.0537164860841596,0.07598906972314921,0.43239023588332776,0.27699530516431925,calm
2016-05-16,0.05362692617171009,0.07089243590365495,0.4376563311466475,0.2631578947368421,calm
2016-05-17,0.05303701869232447,0.07883703808586344,0.4396678382205736,0.3111888111888112,calm
2016-05-18,0.05484645139150628,0.08488131582920896,0.4429987970695369,0.36236933797909404,calm
2016-05-19,0.05484390908574273,0.0852419236155634,0.4440270120259719,0.36574074074074076,calm
2016-05-20,0.053994852881999726,0.07319348238159155,0.45265098353893596,0.33794694348327564,calm
2016-05-23,0.052678969117174776,0.06281622377866569,0.45647334339938295,0.2850574712643678,calm
2016-05-24,0.05247796063490264,0.05620477221701572,0.46615966046503904,0.28636884306987404,calm
2016-05-25,0.052427953104200925,0.07176362382690679,0.4438744465668119,0.2808219178082192,calm
2016-05-26,0.05142406081505444,0.06141833649166828,0.4469145815657959,0.24573378839590443,calm
2016-05-27,0.04955550919533309,0.0463158390322891,0.4511408910140634,0.23015873015873015,calm
2016-05-31,0.04956416530737003,0.044906917044223685,0.4527208005727071,0.23615819209039546,calm
2016-06-01,0.04945751507765657,0.04356155630454753,0.45248304181367105,0.22860360360360357,calm
2016-06-02,0.04960069940376106,0.05438573780450364,0.44326991632192436,0.2166105499438833,calm
2016-06-03,0.05359098531221035,0.07846571536580642,0.4523695393803463,0.3680089485458613,calm
2016-06-06,0.05323003342763104,0.07930009109691542,0.4577633556174162,0.38127090301003347,calm
2016-06-07,0.05329909519736089,0.09025205869997918,0.45818138417864096,0.41,calm
2016-06-08,0.05361557955727341,0.09555598342502762,0.46222883256878494,0.43521594684385384,calm
2016-06-09,0.05340096680322642,0.09266355622039246,0.4640556875793405,0.4271523178807947,calm
2016-06-10,0.05112726182497383,0.07298300320065307,0.47467421234427254,0.39163916391639164,calm
2016-06-13,0.050246477480929794,0.062127345479410234,0.4774862355933856,0.3508771929824561,calm
2016-06-14,0.05058920858782657,0.06656323027898961,0.47565219967374,0.3704918032786885,calm
2016-06-15,0.050162863238581414,0.06370863018855291,0.4763522447634136,0.3540305010893246,calm
2016-06-16,0.04983407045129816,0.05869892740854996,0.47732433928739654,0.34310532030401736,calm
2016-06-17,0.04904858880971975,0.06414463764304092,0.48385933172848794,0.37445887445887444,calm
2016-06-20,0.049140196817789195,0.05077931909059323,0.4949431543951664,0.3635382955771305,calm
2016-06-21,0.050457928981431095,0.05467845362447229,0.49467533574369266,0.3827956989247312,calm
2016-06-22,0.04613154287170306,0.016908739619829683,0.5073929085002143,0.3354769560557342,calm
2016-06-23,0.04505906254588977,0.007590181247603715,0.5162981323880406,0.33547008547008544,calm
2016-06-24,0.04793478951026193,-0.048747965950559954,0.6314600904176227,0.3450479233226837,calm
2016-06-27,0.04831690109269698,-0.05980189850891228,0.6468389615617818,0.346072186836518,calm
2016-06-28,0.049175807643763364,-0.05271468002271403,0.6312281871739184,0.34814814814814815,calm
2016-06-29,0.04957034720371805,-0.05135316084145871,0.6229292364032323,0.3533755274261603,calm
2016-06-30,0.04983327911708564,-0.04677330495890638,0.6146533049938255,0.35646687697160884,calm
2016-07-01,0.051381756071499834,-0.034241667874642535,0.6088400063283063,0.36582809224318663,calm
2016-07-05,0.05138311448360134,-0.03729625558126831,0.6135432487837454,0.3667711598746082,calm
2016-07-06,0.051059984376644475,-0.03627375072740648,0.6157158058415722,0.36562500000000003,calm
2016-07-07,0.05117563307295765,-0.03213501612345979,0.6140848299819532,0.367601246105919,calm
2016-07-08,0.053027575139520555,-0.01661275838254385,0.6083629002983246,0.3819875776397515,calm
2016-07-11,0.05233278587420886,-0.01976207636799925,0.613099549310987,0.3756449948400413,calm
2016-07-12,0.052116831463419444,-0.02593895334711151,0.628618462415773,0.3786008230452675,calm
2016-07-13,0.05236994712731042,-0.024264002727981005,0.6299766667972121,0.3846153846153846,calm
2016-07-14,0.05151250046655296,-0.028856423954902267,0.6401743528430623,0.3793456032719837,calm
2016-07-15,0.051839171844337964,-0.026407567109582662,0.6379228285445676,0.3802242609582059,calm
2016-07-18,0.05166210099794993,-0.02765468552503885,0.6411092023836891,0.38109756097560976,calm
2016-07-19,0.051550193281894745,-0.027643743241859437,0.6427464644428177,0.3819655521783181,calm
2016-07-20,0.0516631886899484,-0.02823967919076608,0.6461617903157768,0.3828282828282828,calm
2016-07-21,0.05184336994710858,-0.028141147601431604,0.6455656711151435,0.38469284994964753,calm
2016-07-22,0.051611043269842345,-0.029773808604998293,0.6476995170122452,0.3815261044176707,calm
2016-07-25,0.051242099311951915,-0.02763823392140948,0.6509981265165562,0.3813813813813814,calm
2016-07-26,0.05083158257089062,-0.02701890117359469,0.6532121027531188,0.37824351297405184,calm
2016-07-27,0.05279991509843169,-0.016339514045083957,0.6489499261038146,0.4109452736318408,calm
2016-07-28,0.05284730741909789,-0.013147295478832028,0.6503743899148634,0.4136904761904762,calm
2016-07-29,0.05374027408314963,-0.008151572626741547,0.6511679135257223,0.4302670623145401,calm
2016-08-01,0.05451172245767859,-0.004309283820158602,0.6444810220845572,0.4358974358974359,calm
2016-08-02,0.054532016141572645,-0.00610575767102946,0.6369824581842569,0.4336283185840708,calm
2016-08-03,0.05382743117762779,-0.006858816230928003,0.6425053671934632,0.4235294117647059,calm
2016-08-04,0.053362219863601526,-0.011328066905814376,0.6450481712615612,0.4144672531769306,calm
2016-08-05,0.05480042385922121,-0.006022910288917294,0.6467099157332347,0.44931773879142306,calm
2016-08-08,0.054437008243356594,-0.007942879199841981,0.6467429012135382,0.4373177842565597,calm
2016-08-09,0.05481408376024129,-0.004987349957661208,0.6442533371205141,0.4467054263565891,calm
2016-08-10,0.05489502306568247,-0.001587439842588545,0.6435432976334389,0.451207729468599,calm
2016-08-11,0.055531862555556796,0.000677237969902117,0.6467366047948809,0.4624277456647399,calm
2016-08-12,0.05383457884768153,-0.008550952375501441,0.643217877204067,0.4188280499519692,calm
2016-08-15,0.05402922954011624,-0.008358799538771295,0.6411981701744222,0.421455938697318,calm
2016-08-16,0.05405754561918219,-0.009552802781017462,0.6377333757982973,0.4173829990448901,calm
2016-08-17,0.05410743836166842,-0.009379710723378874,0.6373597286032274,0.4180952380952381,calm
2016-08-18,0.054632177825772794,-0.0027242367269922295,0.6296717475822587,0.4368471035137702,calm
2016-08-19,0.05581930331093202,0.0049579592126968944,0.6269739001564427,0.45549242424242425,calm
2016-08-22,0.05602875762494279,0.006269401694188814,0.6255207153154763,0.4579792256846081,calm
2016-08-23,0.05583952381225519,0.0060357306114518896,0.6254817489006687,0.4548022598870056,calm
2016-08-24,0.056388825805759,0.009785929845287889,0.6218165026516029,0.4676056338028169,calm
2016-08-25,0.05660720687238129,0.011317991992085585,0.6215715065738545,0.4700374531835206,calm
2016-08-26,0.05701558811577009,0.014185215229986997,0.6213118118534902,0.4761904761904762,calm
2016-08-29,0.0537733092961662,0.0007709609466766576,0.6192292772889691,0.4068901303538175,calm
2016-08-30,0.05430071867165911,0.005176631406241089,0.6185389635337043,0.41968430826369546,calm
2016-08-31,0.054182165468810176,0.004617730217763416,0.6184514351925742,0.41574074074074074,calm
2016-09-01,0.05364664080346345,0.00030717240898505137,0.6189824436275435,0.4007386888273315,calm
2016-09-02,0.05356592503585716,-0.00290409471211345,0.6143408810168165,0.39134438305709024,calm
2016-09-06,0.05545620223492787,0.00861415437923268,0.6069754599018371,0.4389348025711663,calm
2016-09-07,0.0557448352561297,0.011512499977208051,0.6081432812109335,0.4468864468864469,calm
2016-09-08,0.057002477099708425,0.018816633065795906,0.6042266112098366,0.4776255707762558,calm
2016-09-09,0.06127937126637758,0.05133296818434119,0.5765752912719572,0.6220400728597449,transitional
2016-09-12,0.06173551055110272,0.053747419082007364,0.5788181095942527,0.6403269754768393,transitional
2016-09-13,0.06451981566459013,0.07515099267945746,0.5756288551742602,0.7364130434782609,stressed
2016-09-14,0.0644381454568143,0.07954924690936735,0.5715551082428202,0.7524841915085818,stressed
2016-09-15,0.06352229474912133,0.07568273735948276,0.5753162735957156,0.7351351351351351,stressed
2016-09-16,0.06375450014174165,0.07439643137136345,0.5748989679329078,0.7313566936208445,stressed
2016-09-19,0.0636895717744085,0.07960389040245637,0.5694269394483958,0.7491039426523297,stressed
2016-09-20,0.061634776084608156,0.18096406798620737,0.48152347060706974,0.7649687220732796,stressed
2016-09-21,0.06381587857247967,0.2405619666264486,0.48604733615535683,0.820855614973262,stressed
2016-09-22,0.06367084531540981,0.24898486688577154,0.4980739978608508,0.8426666666666668,stressed
2016-09-23,0.06357557656897951,0.25796226166322234,0.5035589531625523,0.8537234042553191,stressed
2016-09-26,0.06321343347593558,0.2562354693109189,0.4966062340700378,0.8293545534924845,stressed
2016-09-27,0.06179679167792303,0.24890473026006615,0.4853152071338222,0.7830687830687831,stressed
2016-09-28,0.06179038151962362,0.26718414343196,0.48586859168854946,0.793315743183817,stressed
2016-09-29,0.061897167521524625,0.2685618591588069,0.48281847040954345,0.787719298245614,stressed
2016-09-30,0.061916172939341776,0.2636654233200325,0.4803553659899508,0.7760279965004374,stressed
2016-10-03,0.060503799320293226,0.25233579712362775,0.47337122481200605,0.7155322862129144,stressed
2016-10-04,0.0657978792907125,0.2846632849565576,0.48226768984515883,0.8207136640557006,stressed
2016-10-05,0.06567452671976139,0.31757644002604135,0.4898961152203876,0.865451388888889,stressed
2016-10-06,0.06586438878489062,0.3273222687405249,0.49171061881336625,0.8701298701298702,stressed
2016-10-07,0.06601331188775098,0.3425084763264269,0.5002333180238412,0.8937823834196891,stressed
2016-10-10,0.06529968844860094,0.33294198897378513,0.49417731373199203,0.8716623600344531,stressed
2016-10-11,0.06716406081743427,0.3471044346668207,0.5006861567816739,0.8943298969072165,stressed
2016-10-12,0.0674359146670018,0.3562104115938027,0.5059221233661768,0.8997429305912595,stressed
2016-10-13,0.06757021328396441,0.36744874423853274,0.5129473997619631,0.9034188034188034,stressed
2016-10-14,0.06809030407705546,0.37479607277150934,0.5179731880197134,0.9053708439897697,stressed
2016-10-17,0.06827691438509514,0.37704169556583694,0.5197766026282821,0.9056122448979592,stressed
2016-10-18,0.0692962629474836,0.3877904519730967,0.5266044907178771,0.9067005937234945,stressed
2016-10-19,0.0693946670358485,0.3890813881372247,0.5278404758556235,0.9086294416243655,stressed
2016-10-20,0.06747219253623177,0.38180990678101123,0.5208789003014112,0.8987341772151899,stressed
2016-10-21,0.06746815379723536,0.38177345679358643,0.5208555220742952,0.8964646464646465,stressed
2016-10-24,0.06609076377386532,0.3688264746069637,0.5110369316882364,0.8866498740554157,stressed
2016-10-25,0.06578926090767671,0.36868228552593063,0.5119050484709967,0.8827470686767169,stressed
2016-10-26,0.06595994751657913,0.39192634525069964,0.5298171018149075,0.8980785296574769,stressed
2016-10-27,0.06635645420298876,0.3915583026891668,0.5287201966502999,0.8983333333333334,stressed
2016-10-28,0.06634884294518185,0.4043823269018779,0.5371616553281978,0.8994181213632585,stressed
2016-10-31,0.06590453726895892,0.4170470576348911,0.5438166856944368,0.896351575456053,stressed
2016-11-01,0.06590225793724651,0.412451010266455,0.540578644740274,0.8941273779983456,stressed
2016-11-02,0.06563486394965921,0.4131037357833506,0.5417264973632078,0.8902640264026402,stressed
2016-11-03,0.06551760542096677,0.3979946057944204,0.5304809839330633,0.8847736625514403,stressed
2016-11-04,0.06566819883020791,0.40186327859961823,0.532670451769909,0.8858784893267652,stressed
2016-11-07,0.06572851189686116,0.3717626691933571,0.517194041109316,0.8705978705978706,stressed
2016-11-08,0.06573213535152692,0.37564767315993314,0.5210095504703556,0.875,stressed
2016-11-09,0.06757324333842515,0.3080884133878792,0.4734880941724189,0.78239608801956,stressed
2016-11-10,0.0675732726588426,0.2935744770123088,0.46433197860607295,0.7357723577235773,stressed
2016-11-11,0.06750703482357114,0.28169594161030054,0.45770821995391864,0.7128953771289538,stressed
2016-11-14,0.06762270052564799,0.2814858805643271,0.45815149723002957,0.7168284789644012,stressed
2016-11-15,0.06808114051259664,0.28557244604797377,0.460937941309502,0.7231638418079096,stressed
2016-11-16,0.0679265269094662,0.2803466301731247,0.45726973841626495,0.711755233494364,stressed
2016-11-17,0.06810795205898869,0.2775966083339063,0.45757456550782244,0.7132530120481927,stressed
2016-11-18,0.06857639720119756,0.2805852593839416,0.4584305689441362,0.719551282051282,stressed
2016-11-21,0.06963492059621973,0.28868773948554527,0.4622679983680374,0.7386091127098321,stressed
2016-11-22,0.06860245435768726,0.2831937970475468,0.45893974219541744,0.7208931419457736,stressed
2016-11-23,0.06884497137698964,0.2780164970373861,0.45646752833250503,0.7088305489260143,stressed
2016-11-25,0.06885706618457865,0.2785397904162712,0.45596960691863814,0.7087301587301588,stressed
2016-11-28,0.06880114763019407,0.2715778460720321,0.45502472099020164,0.7022961203483767,transitional
2016-11-29,0.06887800405545465,0.2759130562428634,0.45952854190599934,0.7156398104265403,stressed
2016-11-30,0.06722626364574068,0.2598465612748119,0.45130072320137354,0.6721828211189913,transitional
2016-12-01,0.06728572844988706,0.25430974813224727,0.4485810363153088,0.6595911949685535,transitional
2016-12-02,0.0680544065750792,0.26187724548918384,0.45370825396132186,0.6894117647058824,transitional
2016-12-05,0.06471710300184784,0.2356496857540908,0.4463049641854905,0.6306729264475743,transitional
2016-12-06,0.0639928399376926,0.22988056320906275,0.4458781406399651,0.6237314597970335,transitional
2016-12-07,0.06285463282124593,0.2156573192045089,0.4439098951838914,0.5989096573208723,transitional
2016-12-08,0.06295379108525329,0.2146555079096212,0.44304118638890944,0.5959595959595959,transitional
2016-12-09,0.06331661955783151,0.2137699512728767,0.4469103634345072,0.6124031007751939,transitional
2016-12-12,0.0635173147595075,0.22372414520543046,0.4517804533056581,0.6372776488785769,transitional
2016-12-13,0.0636558136063131,0.22431293650782785,0.4507786721970299,0.6334876543209876,transitional
2016-12-14,0.06615539106541303,0.25031783312152744,0.4586477865958527,0.6882217090069284,transitional
2016-12-15,0.06309504669451388,0.21580905144782325,0.4438054317727597,0.5960061443932412,transitional
2016-12-16,0.06214833427529619,0.2046768420466099,0.4411076779718053,0.5731800766283525,transitional
2016-12-19,0.06269565200767248,0.202591847230818,0.442328592463198,0.5818042813455658,transitional
2016-12-20,0.06270553431201782,0.20660112778148423,0.4412934639966403,0.5797101449275363,transitional
2016-12-21,0.06244069395968239,0.20248909307610127,0.4452238281166689,0.5844748858447488,transitional
2016-12-22,0.06242732457948242,0.20144029650578657,0.44533942995823844,0.5839028094153379,transitional
2016-12-23,0.06261486428165602,0.2043240253439808,0.4463358486670144,0.5946969696969697,transitional
2016-12-27,0.06272184195532797,0.20565686783747314,0.4446741619779453,0.5918367346938775,transitional
2016-12-28,0.062489653668787996,0.19462960503444263,0.44675254450602947,0.5904977375565611,transitional
2016-12-29,0.058455020237455246,0.17115821441982096,0.4489925719420509,0.49962377727614743,transitional
2016-12-30,0.05845342026417934,0.16887232657207507,0.4477261512944416,0.49474474474474467,transitional
2017-01-03,0.05822167224145643,0.16551673039821724,0.4467441599902125,0.4846441947565543,calm
2017-01-04,0.059138420475539674,0.18181635659807793,0.4486948371318009,0.5254110612855007,transitional
2017-01-05,0.06203955377513044,0.19968121933827543,0.46263286556062344,0.6368381804623415,transitional
2017-01-06,0.06083914656544389,0.17977112955513547,0.4706189682509654,0.6257440476190476,transitional
2017-01-09,0.06065415118115715,0.16917894314632914,0.4691740149174725,0.615441722345954,transitional
2017-01-10,0.06055711826994625,0.16970051207884862,0.4669725490739426,0.6066666666666666,transitional
2017-01-11,0.05975023673874327,0.1651095890883391,0.4650780613327278,0.5794530672579453,transitional
2017-01-12,0.05956710456395736,0.16632902663969834,0.4624742793455861,0.5722713864306784,transitional
2017-01-13,0.05843576798105942,0.15254659077062593,0.46085475049213803,0.5158204562178073,transitional
2017-01-17,0.06107623158390421,0.16721244544650954,0.475017838784659,0.6453744493392071,transitional
2017-01-18,0.06270312370841225,0.177735629758925,0.48285304445547195,0.7054945054945055,transitional
2017-01-19,0.06278128719196276,0.17726126853961258,0.4805976406274342,0.7010233918128655,transitional
2017-01-20,0.06290143127963797,0.17970264368476463,0.47950966259139954,0.701677607585704,transitional
2017-01-23,0.06416868191248819,0.187729910318518,0.4887983567405649,0.7474526928675401,stressed
2017-01-24,0.06396819478123407,0.18536923371190897,0.4918971199273172,0.7516339869281046,stressed
2017-01-25,0.06345189844008638,0.17229641502541626,0.4939290234786457,0.7420289855072464,stressed
2017-01-26,0.06354642177905252,0.1713654013126712,0.4913598542434975,0.7375271149674619,stressed
2017-01-27,0.06326354670598527,0.1690144557468081,0.49040769250853306,0.7258297258297258,stressed
2017-01-30,0.06342277510805289,0.1722710297476067,0.48920984357973085,0.7307415406767458,stressed
2017-01-31,0.06452324606583235,0.17970607833440286,0.48929463232828385,0.7464080459770114,stressed
2017-02-01,0.06448235240916543,0.1859218222477173,0.49283012449812186,0.7555555555555555,stressed
2017-02-02,0.06409778700992069,0.18229566440067774,0.4893707884643675,0.7446351931330472,stressed
2017-02-03,0.06395079644797257,0.20121696706134187,0.482195959220209,0.7266238401142041,stressed
2017-02-06,0.06441010362173294,0.1982855287257757,0.48366653480979793,0.7336182336182336,stressed
2017-02-07,0.062106883292850974,0.25633170501023284,0.5028344689473851,0.7626154939587776,stressed
2017-02-08,0.06249264836645903,0.2724816149115087,0.5110375718814576,0.7836879432624114,stressed
2017-02-09,0.061742440937002416,0.26999497026355695,0.5197281692322372,0.7728237791932059,stressed
2017-02-10,0.06059603011541252,0.2614346936781193,0.5147985069640667,0.7401129943502825,stressed
2017-02-13,0.06000317673386227,0.25289007464200136,0.5158892545382745,0.719520789288231,stressed
2017-02-14,0.060141501954967876,0.25545912986043184,0.5194196209316733,0.7285513361462729,stressed
2017-02-15,0.059374296321519394,0.2601354360371471,0.5157806242167304,0.7094736842105264,stressed
2017-02-16,0.05857669491921489,0.24973544344240314,0.5178540123361036,0.6743697478991596,transitional
2017-02-17,0.05771089165855297,0.23542013755061014,0.5146106387314581,0.6491963661774982,transitional
2017-02-21,0.057781456993087725,0.23930124912543657,0.51613000554329,0.6555090655509065,transitional
2017-02-22,0.05668534634480071,0.24188574486930925,0.5203740893214377,0.6478775226165623,transitional
2017-02-23,0.05724122185561315,0.24696638481313243,0.5241465893947215,0.6555555555555556,transitional
2017-02-24,0.05734443784731295,0.24871178823031745,0.5184375130896893,0.6534996534996536,transitional
2017-02-27,0.057625674770162276,0.25224138179286126,0.5227190660340225,0.6645919778699861,transitional
2017-02-28,0.05555288315659882,0.24206647299330708,0.5230703093660506,0.6287094547964113,transitional
2017-03-01,0.0558696081627075,0.22670772002749046,0.5474074583538493,0.6349862258953168,transitional
2017-03-02,0.056026950568610685,0.23254719162135312,0.5360301221452959,0.6371134020618557,transitional
2017-03-03,0.0560558377638068,0.23457965458707974,0.5387224142845936,0.6392318244170095,transitional
2017-03-06,0.056852934163505904,0.24419384633188274,0.5383713384865656,0.6577686516084874,transitional
2017-03-07,0.056752516215237,0.2390932868938617,0.5456030918652371,0.6550546448087432,transitional
2017-03-08,0.056787982990373645,0.24570013130419305,0.5445950162954976,0.6598500340831629,transitional
2017-03-09,0.056504643018986986,0.2504880835566924,0.5380114571950967,0.6530612244897959,transitional
2017-03-10,0.05650647398193135,0.25542330864867047,0.5384050345494846,0.6585200271554651,transitional
2017-03-13,0.056494388126246964,0.25142543991201066,0.5379326528891648,0.6510840108401085,transitional
2017-03-14,0.05280368932605571,0.20304875783642262,0.5368928404161515,0.5625422582826234,transitional
2017-03-15,0.057601179676428145,0.272804795916188,0.5488288871409711,0.6950067476383266,transitional
2017-03-16,0.05759515546493279,0.27279154164916003,0.5475932553433452,0.6936026936026937,transitional
2017-03-17,0.057457260242433465,0.2782146676604939,0.5555032560550686,0.696236559139785,transitional
2017-03-20,0.05717048662610759,0.27811017170181196,0.5534440037724025,0.6894701542588866,transitional
2017-03-21,0.05745062438747797,0.26791977980630066,0.5650247164475497,0.6887550200803213,transitional
2017-03-22,0.05721542468946415,0.2659641111697334,0.5646346679693152,0.6813627254509017,transitional
2017-03-23,0.057233832101254205,0.26583723772483275,0.564208930808307,0.6813333333333333,transitional
2017-03-24,0.057234606753108354,0.26742011880093897,0.5658144401959551,0.6846307385229541,transitional
2017-03-27,0.05752431397011163,0.27507933448800903,0.5703594969915884,0.697211155378486,transitional
2017-03-28,0.05733237559088081,0.2710249180299557,0.5755462054612729,0.6925115970841617,transitional
2017-03-29,0.05740154357469981,0.273861316974936,0.578528464456046,0.6984126984126985,transitional
2017-03-30,0.0576027128419605,0.2730985195670932,0.5847441352510071,0.7036303630363037,transitional
2017-03-31,0.05694627766615537,0.262313446034984,0.587725041183183,0.6772068511198945,transitional
2017-04-03,0.05459828079203586,0.24485314822821413,0.5743734154761759,0.6160420775805392,transitional
2017-04-04,0.05323631563565289,0.2382986632596782,0.562396499780677,0.5787401574803149,transitional
2017-04-05,0.05324029399436052,0.24863151329674232,0.5692153686439012,0.5887360838244925,transitional
2017-04-06,0.053303724353663866,0.2479030543935859,0.569394139830389,0.5901960784313726,transitional
2017-04-07,0.05344686856299494,0.24725935290740053,0.5679012400322645,0.5909980430528375,transitional
2017-04-10,0.053508253826669926,0.24713066586019536,0.5687123510809611,0.5911458333333334,transitional
2017-04-11,0.055047398410153645,0.2546006593071787,0.5783819700013214,0.6387264457439895,transitional
2017-04-12,0.05269319564487423,0.2445242651596181,0.5654814658987003,0.5745784695201038,transitional
2017-04-13,0.0502348526694702,0.22720593022219351,0.5519899533193602,0.5372168284789645,transitional
2017-04-17,0.04997324725226926,0.2247226088272662,0.5584826549308368,0.5368217054263565,transitional
2017-04-18,0.05259392249100935,0.23092528087144643,0.5728070259450982,0.5712443584784009,transitional
2017-04-19,0.05261234969218284,0.23754489385273506,0.5654322441808423,0.5694980694980695,transitional
2017-04-20,0.052465825244735365,0.24048247951203003,0.5611428051287982,0.5664739884393063,transitional
2017-04-21,0.05237561689317443,0.26388428907633643,0.5679237130494154,0.5967948717948718,transitional
2017-04-24,0.05218254383474096,0.2611835267045967,0.5784750995644897,0.599488163787588,transitional
2017-04-25,0.052824798843898825,0.2520230145475772,0.5803240077993504,0.6008939974457216,transitional
2017-04-26,0.052637013634525484,0.24698591316334598,0.5864370130888233,0.5914595283620141,transitional
2017-04-27,0.05141120197578859,0.2413809076407038,0.5820298303858431,0.5687022900763359,transitional
2017-04-28,0.05137541392234028,0.24508402219656394,0.5869874048335118,0.5726984126984127,transitional
2017-05-01,0.052390774195326735,0.2555123405920154,0.5978749313730498,0.6026615969581749,transitional
2017-05-02,0.05251321184392452,0.2563415928321518,0.5993064537620141,0.6078431372549019,transitional
2017-05-03,0.052852857935239,0.26301387779721785,0.5953003842652181,0.6193181818181818,transitional
2017-05-04,0.05301690294666008,0.25994251892526443,0.5934913190354726,0.6156269691241336,transitional
2017-05-05,0.052218957268285994,0.25984093334360947,0.594803915650049,0.6,transitional
2017-05-08,0.051855761459415166,0.2664824647883356,0.5889318117389665,0.6057752667922159,transitional
2017-05-09,0.051962719694455546,0.26686916203041433,0.5883599373483938,0.6058897243107769,transitional
2017-05-10,0.051946410169963195,0.2703767110074331,0.5886990823616877,0.6091307066916823,transitional
2017-05-11,0.05178265540479573,0.27188215995523024,0.5865393009471304,0.6061173533083646,transitional
2017-05-12,0.051996252021770474,0.27062312208259437,0.5874830210764507,0.6087227414330219,transitional
2017-05-15,0.051738317582743894,0.26981188978605436,0.5842327155913685,0.6001243781094527,transitional
2017-05-16,0.05185043502476408,0.27598073741097384,0.5915356630093664,0.617008069522036,transitional
2017-05-17,0.05259594780511401,0.24772008022424313,0.6165787416381363,0.6016109045848822,transitional
2017-05-18,0.05267206535539872,0.24502412827254144,0.6157840738850238,0.5986394557823129,transitional
2017-05-19,0.05264634321087044,0.2482751634613029,0.6113186663312995,0.5993827160493828,transitional
2017-05-22,0.052279999657152756,0.25697251685593947,0.6218176900437677,0.6130622304374614,transitional
2017-05-23,0.05248462249404587,0.25776297725018504,0.6235285249666691,0.6205412054120542,transitional
2017-05-24,0.052691967632822474,0.2598267448221009,0.623236575986272,0.6273787599754451,transitional
2017-05-25,0.051891854843979374,0.28024141918859746,0.6108020386059757,0.6243872549019608,transitional
2017-05-26,0.05059566541968863,0.25561225386732866,0.6069242125244304,0.5749235474006117,transitional
2017-05-30,0.05060273148770146,0.2532176500372965,0.6049360117337412,0.5708180708180708,transitional
2017-05-31,0.04966279979460718,0.24280585144832695,0.6052730434822423,0.5478366849482023,transitional
2017-06-01,0.04863375777062572,0.23412967882862615,0.6080479374056288,0.5358880778588807,transitional
2017-06-02,0.048570715460128526,0.22845805637889088,0.6024512768174144,0.5282331511839709,transitional
2017-06-05,0.047968450966415145,0.22639545809035272,0.5991041562624362,0.5242424242424243,transitional
2017-06-06,0.04811768498977445,0.22147158658725416,0.6012867828592646,0.5232909860859044,transitional
2017-06-07,0.04813898098581757,0.22373283926431436,0.6058541232998558,0.5271739130434782,transitional
2017-06-08,0.04825642954039086,0.22638634517551734,0.6125819457587818,0.5340566606389391,transitional
2017-06-09,0.044550277768110665,0.17146012030975724,0.6218774148498698,0.5114320096269555,transitional
2017-06-12,0.0447514337907629,0.17681330520078217,0.6285672003609919,0.5171171171171172,transitional
2017-06-13,0.0448539556318023,0.1795671594011841,0.6247686343943789,0.5167865707434053,transitional
2017-06-14,0.04509302802220563,0.163690953036929,0.6039417818815066,0.4847396768402154,calm
2017-06-15,0.04501470627029979,0.1717988386725478,0.5891742144428272,0.48805256869772995,calm
2017-06-16,0.04487465544692594,0.1701686337269726,0.5905077957576117,0.4859868813357185,calm
2017-06-19,0.0449793067964359,0.16807725068242915,0.5960127453977621,0.48571428571428577,calm
2017-06-20,0.04511486577089768,0.16336107200292627,0.5885641855596462,0.47712418300653586,calm
2017-06-21,0.04473259218334598,0.16107990203924083,0.5858435515165652,0.4673784104389087,calm
2017-06-22,0.0442503588131997,0.16229368009863002,0.5779968670382012,0.46299585553582,calm
2017-06-23,0.04416210651586746,0.1622048884607058,0.5782894310525173,0.46276595744680843,calm
2017-06-26,0.043791090107063314,0.1607707638396299,0.5714836126852304,0.4548672566371681,calm
2017-06-27,0.04408391101631882,0.15401286489160718,0.5422501625976762,0.4375736160188457,calm
2017-06-28,0.044157446106896224,0.16314768473554322,0.5374652194088928,0.4397413286302175,calm
2017-06-29,0.04491026516503118,0.17365596111283593,0.5267449568212331,0.45305164319248825,calm
2017-06-30,0.04492125730302999,0.17379249759806653,0.526278706205112,0.45284124194493264,calm
2017-07-03,0.04625190311073652,0.18084786172542056,0.5296004934855388,0.46374269005847957,calm
2017-07-05,0.045884478936783865,0.1778730486235514,0.5309401778182371,0.4617629889083479,calm
2017-07-06,0.04644058347245695,0.18460937983651254,0.5196515732924787,0.4580419580419581,calm
2017-07-07,0.04505764970128837,0.17162234787345126,0.5156640619772229,0.4386271087841768,calm
2017-07-10,0.04473119472204044,0.17222951051018953,0.5092422033004353,0.429732868757259,calm
2017-07-11,0.044731565260537044,0.17456088411467002,0.5072918149258633,0.43188405797101453,calm
2017-07-12,0.04584095247894264,0.19307084158353394,0.5032087255218112,0.44502314814814814,calm
2017-07-13,0.042333492915698406,0.16468805264969877,0.48182791538286357,0.366262276140959,calm
2017-07-14,0.04276062181415526,0.1679832362806134,0.4798181960362878,0.3662053056516725,calm
2017-07-17,0.042708093505697584,0.16815921405847176,0.4807346111465235,0.36845135290731146,calm
2017-07-18,0.04337750669598806,0.17015658836352054,0.48452621852146843,0.3844827586206896,calm
2017-07-19,0.043353042812324556,0.17559991435413091,0.47905331828733716,0.3746414228341939,calm
2017-07-20,0.042672733951253816,0.1835590128273337,0.4701162538801323,0.356815578465063,calm
2017-07-21,0.04279518193985109,0.18345912799018893,0.47035179928788773,0.3590623213264723,calm
2017-07-24,0.04282603357243251,0.1832155038045761,0.469681315857431,0.3567351598173516,calm
2017-07-25,0.04363497113865158,0.18042560130556978,0.4690395698292909,0.35384615384615387,calm
2017-07-26,0.04302506442026109,0.17620351436138232,0.4630000261873489,0.335608646188851,calm
2017-07-27,0.04320822095344607,0.17924677579310253,0.4628393285013761,0.33844406587166387,calm
2017-07-28,0.04302885924215343,0.1813628508614089,0.47168581558867556,0.36394557823129253,calm
2017-07-31,0.04265439811132594,0.18416362962976943,0.47018670693899195,0.3593661573288059,calm
2017-08-01,0.04270162090544027,0.1823650592016898,0.4675701475236054,0.34858757062146895,calm
2017-08-02,0.04223722994096834,0.1765007533667661,0.46528365029954244,0.3333333333333333,calm
2017-08-03,0.04204523716743281,0.1679757272703769,0.4627030878840005,0.31644144144144143,calm
2017-08-04,0.04367723193094698,0.18275371442119095,0.47305411921857327,0.3794266441821248,calm
2017-08-07,0.043649810352674664,0.18341571190007272,0.4738620729817856,0.38327721661055,calm
2017-08-08,0.04376171301085312,0.18802592264049775,0.46640619738574984,0.3613445378151261,calm
2017-08-09,0.04429738260450187,0.188781955953746,0.46736817220116944,0.366331096196868,calm
2017-08-10,0.04419642561947972,0.17957845350700422,0.4657837901434007,0.3500837520938023,calm
2017-08-11,0.04336860712475888,0.2140883461929418,0.4364244470669396,0.29375696767001114,calm
2017-08-14,0.043430146908512886,0.2091844594490025,0.44031542179358124,0.30217028380634386,calm
2017-08-15,0.04365775051605709,0.2094722368954093,0.4435396942901303,0.31222222222222223,calm
2017-08-16,0.04415313031746899,0.216944213552467,0.44784952964045394,0.3338879645036051,calm
2017-08-17,0.04355115880870502,0.20128904037658873,0.4435398590486286,0.3056478405315614,calm
2017-08-18,0.0433442026535671,0.19975965904239595,0.44293843827972895,0.30016583747927034,calm
2017-08-21,0.043481564419215864,0.20195282181712923,0.443666122973009,0.3084988962472406,calm
2017-08-22,0.04355264917533299,0.20489292680329596,0.4528003996525601,0.34214876033057845,calm
2017-08-23,0.04361897538214849,0.20286761675088924,0.45671475512500814,0.34763476347634764,calm
2017-08-24,0.04378788195465228,0.20492087411413204,0.45639998453861214,0.3520043931905546,calm
2017-08-25,0.04421904888420649,0.21108944275217337,0.4587600833525828,0.3651315789473684,calm
2017-08-28,0.04356215939078863,0.19621650351715464,0.4472684320827606,0.31746031746031744,calm
2017-08-29,0.043453250435838774,0.1980980423870085,0.44887507260452914,0.32076502732240436,calm
2017-08-30,0.043024677262397865,0.2000684574371053,0.4442432506714253,0.3033278777959629,calm
2017-08-31,0.04389900129159938,0.21146837537409038,0.4444039254731769,0.32516339869281047,calm
2017-09-01,0.043688160075573704,0.20363325453829698,0.4382958462019802,0.2990755845568243,calm
2017-09-05,0.0434960620621373,0.19492041546187996,0.45913764447918914,0.3479913137893594,calm
2017-09-06,0.04365824736341128,0.19309635082782756,0.46341052656978726,0.3615176151761517,calm
2017-09-07,0.044687700773051224,0.20103690491078732,0.47369362901916007,0.408008658008658,calm
2017-09-08,0.0444079291083739,0.2114998610905225,0.4863710058508811,0.4494867639113993,calm
2017-09-11,0.045161198067266484,0.20091008115394987,0.5035278166052102,0.4773462783171521,calm
2017-09-12,0.04522152243780368,0.19528403619094234,0.4985556696210391,0.4674205708131394,calm
2017-09-13,0.04588532714912636,0.20518775082325455,0.4976670204016007,0.4774193548387096,calm
2017-09-14,0.046751053851781105,0.2205177997011706,0.5112015485697339,0.5061728395061729,transitional
2017-09-15,0.04683108046658298,0.21262985294175835,0.5041853998339654,0.49517684887459806,transitional
2017-09-18,0.047773116621114685,0.21727373014402604,0.5083567440474411,0.5056179775280899,transitional
2017-09-19,0.04771558078418423,0.21654121744427327,0.5079604727115589,0.5037393162393162,transitional
2017-09-20,0.04800537280813317,0.22340370939909926,0.5145468688796646,0.5157333333333334,transitional
2017-09-21,0.0477702685653484,0.22780095212294355,0.5279304819313637,0.531416400425985,transitional
2017-09-22,0.04745268615422146,0.2221277458341441,0.5307366012877368,0.5273790536948432,transitional
2017-09-25,0.0468030495235548,0.2065227850972175,0.5399685097204928,0.5196390658174098,transitional
2017-09-26,0.047239377374456604,0.20657187337206745,0.5374499383150001,0.5177530471648119,transitional
2017-09-27,0.04760314665447461,0.20803250909662196,0.5460914876766787,0.526984126984127,transitional
2017-09-28,0.04758864389032371,0.20788257837368254,0.5458701856124472,0.526148969889065,transitional
2017-09-29,0.04689386644456587,0.19563174223117621,0.5552624360699593,0.5131856540084389,transitional
2017-10-02,0.04663181119839874,0.19361222882382095,0.5482859814704018,0.5071090047393364,transitional
2017-10-03,0.04661959678612737,0.19242018733819183,0.5469946270004375,0.5042060988433228,transitional
2017-10-04,0.04661038396402238,0.19234468409120004,0.5469805721826292,0.5034120734908136,transitional
2017-10-05,0.04620052880461457,0.175976185042156,0.56128577345674,0.4905660377358491,calm
2017-10-06,0.04621171456358505,0.17924643602318593,0.56113717569753,0.49345892203035063,calm
2017-10-09,0.04527083303180075,0.1665277720264694,0.5666318173474952,0.4780564263322884,calm
2017-10-10,0.045460754581982725,0.17087928606457875,0.5674290453763017,0.4861763171622327,calm
2017-10-11,0.04492900085074445,0.17006104851240905,0.5674935643391187,0.48020833333333335,calm
2017-10-12,0.04496037109930328,0.1690311855764686,0.5677512623769703,0.4794591783671347,calm
2017-10-13,0.045715824491578745,0.17628819425611486,0.570000049636439,0.4989615784008308,transitional
2017-10-16,0.045641036669245655,0.17641593691205243,0.5684716124138005,0.496630378434422,transitional
2017-10-17,0.045884203507286205,0.17699160936600172,0.56853860493599,0.4994824016563147,transitional
2017-10-18,0.04526200874914244,0.17994774919778148,0.5700764585765453,0.5049095607235142,transitional
2017-10-19,0.044763148691770484,0.17488688376846562,0.5669152013110826,0.48142414860681115,calm
2017-10-20,0.04477441862870241,0.16504816608574777,0.5698728856243283,0.47089129314786193,calm
2017-10-23,0.04400202072592699,0.159909294102402,0.5645789915015318,0.4459876543209876,calm
2017-10-24,0.04456239161705544,0.16479443927591708,0.568117300028378,0.46430405752439646,calm
2017-10-25,0.04431327291754622,0.1573977209275068,0.5627408420914803,0.44769230769230767,calm
2017-10-26,0.044981835622837696,0.16028479506505666,0.5643616398329911,0.4592933947772657,calm
2017-10-27,0.045715045962754546,0.1803025451677792,0.5616916963764946,0.49795501022494887,transitional
2017-10-30,0.044860411915612075,0.16851294221032204,0.5588934488679286,0.46554364471669213,calm
2017-10-31,0.044861423018673484,0.16564294913471125,0.5568262333715136,0.46024464831804285,calm
2017-11-01,0.04465794229379715,0.16433788605613447,0.5651606484632663,0.4590330788804071,calm
2017-11-02,0.04424166380939712,0.15778008677314337,0.5597183880311766,0.4425813008130081,calm
2017-11-03,0.044243706958226166,0.1589063156956016,0.5618847065047814,0.44545915778792494,calm
2017-11-06,0.044845683321398384,0.16100817154524621,0.5615469703629266,0.45491388044579534,calm
2017-11-07,0.0447259862032239,0.16262675345781213,0.5530372546111945,0.44916540212443096,calm
2017-11-08,0.043749830152251916,0.1522364318509833,0.5495592040752676,0.42676767676767674,calm
2017-11-09,0.043305392627285284,0.14706403662968598,0.5418262589925464,0.4084720121028744,calm
2017-11-10,0.04466291891351548,0.14608353649421316,0.5368144942809895,0.4219536757301108,calm
2017-11-13,0.04462438234750095,0.14289741980154874,0.5365119806608445,0.4203117144293615,calm
2017-11-14,0.04462308606911897,0.14002872383198595,0.5365196574896112,0.4171686746987952,calm
2017-11-15,0.044677999682455324,0.13130852711554566,0.5327036581806214,0.41152882205513786,calm
2017-11-16,0.04455673585701883,0.13395068276645,0.5287102935163345,0.40790790790790793,calm
2017-11-17,0.0449249535464869,0.12519612001038713,0.5371721241197428,0.4197901049475263,calm
2017-11-20,0.04468526536391762,0.11456965668123523,0.5331414526389909,0.40419161676646703,calm
2017-11-21,0.04441526873471548,0.12883416385338603,0.531270401115518,0.40657698056801195,calm
2017-11-22,0.045233614088046686,0.13334486932106832,0.537860732617861,0.4348258706467662,calm
2017-11-24,0.0452618542097026,0.13162698545654297,0.5398123217847011,0.4356681569796324,calm
2017-11-27,0.04433037267340032,0.11904249913205142,0.5474963110418651,0.4146825396825397,calm
2017-11-28,0.0445771502281107,0.13824066396302115,0.5436295474614429,0.4274393263992075,calm
2017-11-29,0.04322989003190717,0.145072340355545,0.5087806515033477,0.3783382789317507,calm
2017-11-30,0.04299245052940545,0.1431704180761952,0.5051935951132829,0.3718518518518519,calm
2017-12-01,0.041809520142942716,0.12469136707426162,0.49750777934175344,0.3377712031558186,calm
2017-12-04,0.04183342482892855,0.12811448240313061,0.5010270102307516,0.34908911866075826,calm
2017-12-05,0.04097416193282162,0.13533587874698494,0.47332618543522187,0.2979351032448378,calm
2017-12-06,0.04084292917797731,0.1367955247040628,0.4758160491087241,0.30633284241531666,calm
2017-12-07,0.04049614227088203,0.12176788926144325,0.47807346958773983,0.29754901960784313,calm
2017-12-08,0.03914667877513117,0.10821471866293988,0.4733758252866111,0.279980420949584,calm
2017-12-11,0.03896548181175668,0.1086259031405081,0.474215190401275,0.28445747800586507,calm
2017-12-12,0.03798639318872632,0.1010142147028098,0.47073246533568164,0.2654953635919961,calm
2017-12-13,0.03950202909892266,0.11553230291652505,0.4791738138533079,0.2997076023391813,calm
2017-12-14,0.0391656479104658,0.11066836643141938,0.48063481274162434,0.30024330900243307,calm
2017-12-15,0.03920465715509152,0.11357911048232969,0.4790147825768121,0.29640427599611274,calm
2017-12-18,0.0391759511763237,0.10463398124815378,0.47237786891956707,0.27316836487142165,calm
2017-12-19,0.039798932977320296,0.11973030857935281,0.45174270922890625,0.23352713178294573,calm
2017-12-20,0.03969256679372917,0.11818448459262898,0.447185492971903,0.22109337203676827,calm
2017-12-21,0.03803806116994355,0.11047495394137148,0.43452751413319296,0.18260869565217389,calm
2017-12-22,0.03805117965995093,0.10973367051316466,0.4368494999866479,0.1847563917028461,calm
2017-12-26,0.0382454601011692,0.11120972635883308,0.4410228781489142,0.1955684007707129,calm
2017-12-27,0.03895805739482995,0.1181691420532707,0.44547273710206714,0.21548821548821548,calm
2017-12-28,0.03904418803270623,0.11882523906401313,0.4450853426137722,0.21565802113352547,calm
2017-12-29,0.039161092957565244,0.11716481750733312,0.44762389114200635,0.22446043165467625,calm
2018-01-02,0.03857955932777344,0.0869970172204321,0.4255391214329888,0.15421455938697318,calm
2018-01-03,0.03848254594143943,0.08287054277865734,0.42407943945448506,0.1487326637972262,calm
2018-01-04,0.03822943411138032,0.08316298014262069,0.4225731470801146,0.1466093600764088,calm
2018-01-05,0.038028139708192896,0.07927824477131387,0.42376187997941633,0.14210777300906058,calm
2018-01-08,0.037970155229906946,0.07924224791029402,0.42431078785154436,0.1442857142857143,calm
2018-01-09,0.03916208946269416,0.08740413224637703,0.4270826592130888,0.16357584403233474,calm
2018-01-10,0.03828215213937496,0.07928228428460327,0.4238470595792491,0.14624881291547956,calm
2018-01-11,0.03858372611416026,0.08664770455336643,0.42167064137327864,0.15267899478425795,calm
2018-01-12,0.0405385952374549,0.10915048398168266,0.4188694017884977,0.1775568181818182,calm
2018-01-16,0.04025411732659183,0.10550352136548087,0.41829433150982087,0.17257683215130024,calm
2018-01-17,0.04023544939998195,0.0995152891035817,0.4216631049788549,0.17469310670443816,calm
2018-01-18,0.0403844389300853,0.10692359866352745,0.4150043652188091,0.17067421027817067,calm
2018-01-19,0.040416339590140966,0.10465893196406861,0.4123497201905733,0.16666666666666666,calm
2018-01-22,0.04011396448922991,0.10089009269998823,0.4117945599659448,0.1607898448519041,calm
2018-01-23,0.040368351276935575,0.10732460452284873,0.41398127465092693,0.17183098591549295,calm
2018-01-24,0.039899142509635305,0.09354068561271744,0.4103475964184874,0.1486169714017815,calm
2018-01-25,0.0393331129260643,0.07504046507929882,0.4110036038646623,0.1193820224719101,calm
2018-01-26,0.03898723990509999,0.07398270486231592,0.4120651127640467,0.11687704534829359,calm
2018-01-29,0.041030478036780456,0.10344976149348854,0.4053805636506805,0.16013071895424835,calm
2018-01-30,0.04199200370282438,0.1151708611161824,0.40068503829947566,0.1673659673659674,calm
2018-01-31,0.04219655262088041,0.12243171037708318,0.4015804546319265,0.17644320297951585,calm
2018-02-01,0.042648565244185505,0.12052112041151249,0.40170564317537644,0.1766620176662018,calm
2018-02-02,0.0491906797632761,0.20358306087106506,0.40536225637369055,0.3333333333333333,calm
2018-02-05,0.05219526941454679,0.18207348256008885,0.4049625137282438,0.33657858136300417,calm
2018-02-06,0.052177789746030746,0.1706740904728475,0.4097720867594185,0.3240740740740741,calm
2018-02-07,0.053474191559021965,0.18588094987634268,0.4111362644790737,0.37263060564031436,calm
2018-02-08,0.05501797655570285,0.1844906125985637,0.398193992705338,0.37534626038781166,calm
2018-02-09,0.055018897753957324,0.18224960069158178,0.39936325878779366,0.3725218994928538,calm
2018-02-12,0.05574658729773283,0.18562043876833997,0.4000254424642808,0.38397790055248615,calm
2018-02-13,0.055993354114867104,0.19337012100465667,0.4016982020868019,0.39540229885057476,calm
2018-02-14,0.05680061535673806,0.17956495679010492,0.3903264021477259,0.3838383838383838,calm
2018-02-15,0.057367298329170084,0.18710862068708206,0.3861002648124831,0.4011921137093076,calm
2018-02-16,0.057157250088198205,0.18465140539774624,0.38631518850378777,0.39377289377289376,calm
2018-02-20,0.05834912166984453,0.19505291309903156,0.3893957122063555,0.4224965706447188,calm
2018-02-21,0.059261840826005684,0.20443782624668372,0.39198220221434016,0.45707762557077625,calm
2018-02-22,0.059468072431221486,0.20663957211541567,0.39312513191205933,0.46602827177382583,calm
2018-02-23,0.06065592878974263,0.21248260521349294,0.39503688796870434,0.4895264116575592,calm
2018-02-26,0.06067919805706819,0.21200004126687788,0.3952552012516057,0.4897680763983629,calm
2018-02-27,0.06179798308470353,0.22393406983047717,0.3962253695121146,0.516802906448683,transitional
2018-02-28,0.06203947466633741,0.22236783336466975,0.3932369305779253,0.5165532879818594,transitional
2018-03-01,0.061899083897820985,0.22212045151486182,0.39010796923145985,0.5104166666666666,transitional
2018-03-02,0.061889579976439714,0.21939167597890194,0.3882501588102704,0.506558118498417,transitional
2018-03-05,0.062004765000740175,0.22362398565586722,0.392087682118296,0.516260162601626,transitional
2018-03-06,0.06242831738683808,0.2294200835035975,0.3962790717190479,0.5299954894000902,transitional
2018-03-07,0.062249076458582873,0.23611670622077524,0.39762288021415676,0.5342342342342342,transitional
2018-03-08,0.06225173513110986,0.23214574827646522,0.39433018940716574,0.528115159694107,transitional
2018-03-09,0.062313784129705445,0.22719828157826435,0.391616428217743,0.5211141060197665,transitional
2018-03-12,0.06242152688685885,0.22750877798898608,0.3918371734988162,0.522207267833109,transitional
2018-03-13,0.0615040805196941,0.21534029593622944,0.3829773164324917,0.4879032258064517,calm
2018-03-14,0.061538488845007684,0.21451886567846898,0.38260883419405234,0.48635346756152126,calm
2018-03-15,0.06158748075467196,0.2182401646838735,0.38221782609824173,0.4924039320822163,calm
2018-03-16,0.06159963560593983,0.22218332231537516,0.3849412137833507,0.49665327978580986,transitional
2018-03-19,0.06117463386183335,0.21477271030501885,0.38071689746283827,0.47860962566844917,calm
2018-03-20,0.06120573665717822,0.21833294299630265,0.3843223360063696,0.48642634623943043,calm
2018-03-21,0.06194925941561165,0.2175804627116086,0.3839358577874134,0.5017777777777778,transitional
2018-03-22,0.062496540436379575,0.20666891636326262,0.37564155751276335,0.4971149578339991,transitional
2018-03-23,0.06248529497414646,0.19469196049305568,0.36993044997187136,0.48093971631205673,calm
2018-03-26,0.06366150330085484,0.19590299149758392,0.36370388374355445,0.50199203187251,transitional
2018-03-27,0.06385635595163232,0.18121712536480308,0.3754853864823348,0.48894783377542,calm
2018-03-28,0.0640720319076404,0.17106804475759757,0.385915770598686,0.47858719646799114,calm
2018-03-29,0.06447077864178148,0.18884423497140074,0.3638312536465288,0.5022045855379188,transitional
2018-04-02,0.06450243819649597,0.18559773727247927,0.3594104930016975,0.4988991633641567,transitional
2018-04-03,0.06432178102624336,0.1822423887424763,0.360890036996712,0.4912049252418645,calm
2018-04-04,0.06450133059456342,0.18283691614521774,0.36082698493299514,0.49494949494949486,transitional
2018-04-05,0.0646107306664182,0.1815198338038027,0.3588280245172508,0.4925438596491228,calm
2018-04-06,0.06405427469408705,0.17171608530532323,0.35967759090091483,0.47262374069207186,calm
2018-04-09,0.06429801303551483,0.17437803511650754,0.36028530704509804,0.4772528433945756,calm
2018-04-10,0.06436106866136317,0.17139934998043244,0.35928635396993647,0.47269550021843604,calm
2018-04-11,0.06272180439029908,0.16158698673420485,0.36091589295661974,0.43673647469458987,calm
2018-04-12,0.06272788838179112,0.15669956678375768,0.3646712720099026,0.4331154684095861,calm
2018-04-13,0.06281084224373473,0.16127440031957266,0.3638597442738457,0.4403829416884247,calm
2018-04-16,0.0629353413170123,0.16243538488930667,0.3617192223701819,0.4428509343763582,calm
2018-04-17,0.06311427569127995,0.16341321418309704,0.3614839257832085,0.44574652777777785,calm
2018-04-18,0.06300644607740023,0.16717922945384786,0.3625056572348569,0.4512353706111834,calm
2018-04-19,0.06351692173219044,0.17365971737965583,0.364467799863404,0.474025974025974,calm
2018-04-20,0.06410064606250704,0.19373378814720194,0.3769680361479494,0.5118893212278426,transitional
2018-04-23,0.06423200072658573,0.20482966187624152,0.3864609037499516,0.5306563039723662,transitional
2018-04-24,0.06421217171068895,0.2025650251391325,0.3841603545110776,0.523070288917637,transitional
2018-04-25,0.06371964838867095,0.19847056962707793,0.38353804045193374,0.5129198966408268,transitional
2018-04-26,0.06381145162175375,0.2006753611697329,0.38363218138134847,0.5152688172043011,transitional
2018-04-27,0.06327240205900259,0.18379518956604396,0.3728196454593059,0.48625429553264604,calm
2018-04-30,0.06338116897481956,0.19379665782626693,0.3798710278741937,0.5006435006435006,transitional
2018-05-01,0.05937852008337346,0.1582933511889737,0.368318847926085,0.37446443873179086,calm
2018-05-02,0.057326486588559544,0.17237943252649088,0.37439178033743525,0.3658536585365853,calm
2018-05-03,0.05744427552904596,0.17890680338929354,0.37250845773369023,0.3752136752136752,calm
2018-05-04,0.05680574340667476,0.16880388530479323,0.36631999905872836,0.3474178403755868,calm
2018-05-07,0.05438216291597316,0.16618920543683566,0.36916603174853907,0.31202046035805625,calm
2018-05-08,0.0543848006954446,0.1692896928552347,0.3651455029988125,0.31885908897403153,calm
2018-05-09,0.053442740797221826,0.1623138902488077,0.3636763373696166,0.2899659863945578,calm
2018-05-10,0.05419431520783032,0.16709396856959285,0.3669430671172454,0.3129511677282378,calm
2018-05-11,0.05332764313953308,0.18987418349622515,0.3883703533089456,0.3532654792196777,calm
2018-05-14,0.05206180844991509,0.1763632277251917,0.38541982352509185,0.3074968233799238,calm
2018-05-15,0.055167711076569065,0.21237567127338317,0.41146803887090533,0.43612521150592215,calm
2018-05-16,0.05390696028304254,0.20287542767975136,0.40605496827555376,0.400929446556823,calm
2018-05-17,0.05235938059007084,0.18475972803960486,0.39510131964877887,0.3426160337552742,calm
2018-05-18,0.05221345710980045,0.17909802346053538,0.39305354847640367,0.3236409608091024,calm
2018-05-21,0.05071570090397031,0.16657013342664517,0.393353823160614,0.2878787878787879,calm
2018-05-22,0.05024865834237099,0.16367965745265825,0.39357306798086933,0.28036990332072304,calm
2018-05-23,0.048799805615410495,0.14470739912759492,0.3913318431170002,0.2518891687657431,calm
2018-05-24,0.049211011643787876,0.16030859095116987,0.40140151518417033,0.2775681341719078,calm
2018-05-25,0.04903861296502833,0.15800627063610806,0.40114358864300326,0.2734505862646566,calm
2018-05-29,0.049240206862733546,0.14572988634029507,0.40188765521635494,0.2701798410706817,calm
2018-05-30,0.049115383372809684,0.1394209770855643,0.4020081602034016,0.26357560568086885,calm
2018-05-31,0.04867482276367415,0.13691269466817918,0.40217654515363915,0.26115978306216103,calm
2018-06-01,0.04860866945652504,0.13323275161973397,0.4047062575373212,0.2604166666666667,calm
2018-06-04,0.04867391856832589,0.13765050393655145,0.40790213279610293,0.27091136079900124,calm
2018-06-05,0.04881593718738445,0.14793487367925848,0.4079502411821385,0.2817955112219451,calm
2018-06-06,0.04861434117343824,0.1407905748760498,0.4074345647195384,0.2731423827314238,calm
2018-06-07,0.048910939772826595,0.14297646237610043,0.4066063747085,0.2765339966832504,calm
2018-06-08,0.04883627442792859,0.1433885018618001,0.4058984541909679,0.27619047619047615,calm
2018-06-11,0.048731253861395867,0.14413291074169246,0.40703802109324166,0.2775020678246485,calm
2018-06-12,0.048725766546576094,0.14495730722644068,0.40833552591160815,0.28087567121024365,calm
2018-06-13,0.048505790390831374,0.1508529991871792,0.4122163684944135,0.2924917491749175,calm
2018-06-14,0.04840280604878613,0.13999992141890358,0.409156447617334,0.2727647301194891,calm
2018-06-15,0.04765989832234898,0.13361930033961436,0.41090546884835605,0.2654320987654321,calm
2018-06-18,0.0471143550994189,0.14286006433359494,0.4111695532800632,0.27373612823674476,calm
2018-06-19,0.046989574471608904,0.15727847450305257,0.420101342102782,0.30254515599343185,calm
2018-06-20,0.04450376016200262,0.13302852056781594,0.4324205181338796,0.26609266092660927,calm
2018-06-21,0.044182791266311805,0.14252900847876843,0.4334988361687783,0.2751842751842752,calm
2018-06-22,0.04383722350764204,0.15181672865087312,0.44542553953700126,0.3042944785276074,calm
2018-06-25,0.043381776722115906,0.1488001782065777,0.44865069761943377,0.3055555555555556,calm
2018-06-26,0.04332049578858825,0.15858086019144912,0.4437226369577597,0.295797633618931,calm
2018-06-27,0.043422619253374296,0.1539850409793769,0.4327392444299359,0.2754686226568867,calm
2018-06-28,0.04307588752175079,0.15105027295771617,0.4337524405379394,0.2706552706552707,calm
2018-06-29,0.043276455355357964,0.15411561947196267,0.4328202475612939,0.2739837398373984,calm
2018-07-02,0.043546967271053255,0.17034690214537976,0.42389047051913387,0.2988225740966301,calm
2018-07-03,0.04390048602420099,0.1703424772978364,0.4284527978051803,0.3098134630981346,calm
2018-07-05,0.04404906583772978,0.1781332405858208,0.4290501265692125,0.3244228432563791,calm
2018-07-06,0.04445342033345454,0.18787993207834403,0.42766267962172444,0.34749190938511326,calm
2018-07-09,0.04438404629793344,0.19657783416447355,0.41862147473543365,0.34060606060606063,calm
2018-07-10,0.04426165101045335,0.19785813705098265,0.41869378563740195,0.3401937046004842,calm
2018-07-11,0.0441318528446187,0.18774940554346578,0.41149068654718235,0.3147924224103184,calm
2018-07-12,0.04442900001526769,0.19396397733941523,0.41119397582049394,0.3256843800322061,calm
2018-07-13,0.043952054771107696,0.19074060546546096,0.4136219879836649,0.3208685162846803,calm
2018-07-16,0.04268753057384408,0.1732944260978066,0.4142341520349878,0.27751004016064257,calm
2018-07-17,0.04120523222710354,0.1502179195903895,0.41257682878912244,0.23265142398716407,calm
2018-07-18,0.040912582136783844,0.14729165208831446,0.41206600092612694,0.2279647435897436,calm
2018-07-19,0.04063953493849026,0.15211007850038416,0.41861490814375896,0.2424969987995198,calm
2018-07-20,0.04000203054990296,0.12564689160805093,0.41463173360962513,0.2070343725019984,calm
2018-07-23,0.040383100002914285,0.12956408427687108,0.4188269153322704,0.2187624750499002,calm
2018-07-24,0.04085491952523145,0.1461080638148025,0.4098093013810407,0.2196969696969697,calm
2018-07-25,0.04105249036187225,0.14968808429393912,0.40952244740848504,0.22301871764237355,calm
2018-07-26,0.04063819694107734,0.1409263511432449,0.41415649449128134,0.22633253778838505,calm
2018-07-27,0.04032059910245115,0.1353645433107809,0.41616961630449717,0.22010329757647992,calm
2018-07-30,0.040382757310602826,0.13720712251974418,0.41511808525150085,0.22222222222222224,calm
2018-07-31,0.040376771150996874,0.14024651632706603,0.4169266643010602,0.22750693618707887,calm
2018-08-01,0.041224088256254364,0.14860682056442392,0.41686221347716973,0.24465558194774348,calm
2018-08-02,0.0412630539299747,0.14484601607145947,0.4156078410584611,0.23882957690786874,calm
2018-08-03,0.04173217791695457,0.15249298842150555,0.41534882642274634,0.24802527646129544,calm
2018-08-06,0.040164584502348354,0.13663408359496265,0.4160166586833185,0.21972386587771206,calm
2018-08-07,0.04001247798202858,0.13024181398460905,0.41763001811267814,0.21591804570527975,calm
2018-08-08,0.03986743620527703,0.1281817289101675,0.41487448348054257,0.20779220779220778,calm
2018-08-09,0.035293020379309176,0.07364353416994006,0.4341864218957588,0.17099056603773585,calm
2018-08-10,0.03527844302330112,0.07069954432396561,0.4385866539409963,0.16921868865331766,calm
2018-08-13,0.03634138308453472,0.07449667738038576,0.43655290175608763,0.17686274509803923,calm
2018-08-14,0.03616130187657077,0.07368244165642716,0.4324011583854636,0.16803760282021152,calm
2018-08-15,0.036731974506152704,0.06518279481572893,0.4399225294768216,0.1674491392801252,calm
2018-08-16,0.03695941028694488,0.06817832736952438,0.43951939895600006,0.17272372020320437,calm
2018-08-17,0.03747584199451438,0.07409718328953661,0.43876664262088105,0.18071818891491023,calm
2018-08-20,0.037494329103070205,0.07808501725793222,0.4384969213926863,0.1898635477582846,calm
2018-08-21,0.03767678729844156,0.07557269459515202,0.43901356112817486,0.18769470404984423,calm
2018-08-22,0.03752461189508315,0.09515381839527734,0.4165745372552552,0.17736289381563594,calm
2018-08-23,0.03802777558930957,0.11081500524029071,0.40386095210161155,0.16317016317016317,calm
2018-08-24,0.039898274644982565,0.12191396060107154,0.40117484484261295,0.17772603802871556,calm
2018-08-27,0.040028415876466585,0.1241579033669054,0.4046918982328823,0.18720930232558142,calm
2018-08-28,0.04065364272046557,0.13381932087252163,0.3995612833167418,0.19396051103368175,calm
2018-08-29,0.04133780806065973,0.13464866576253418,0.40306671641258207,0.20610982211910286,calm
2018-08-30,0.0414189573458515,0.14286620601015215,0.39426877715868947,0.20471224410969488,calm
2018-08-31,0.04120414596620224,0.14178207856690989,0.39362787902785706,0.2017746913580247,calm
2018-09-04,0.0421565689694738,0.1570244278810373,0.38341088411019036,0.20809248554913296,calm
2018-09-05,0.04216766723201959,0.15453747482999786,0.38359856501318557,0.20862201693610471,calm
2018-09-06,0.04227951282120198,0.15429097290416333,0.3822662479632542,0.20799692425990005,calm
2018-09-07,0.04283973150321614,0.16251911597249816,0.38081507247377827,0.22235023041474652,calm
2018-09-10,0.04321688855195233,0.1760245798604021,0.3686702981779603,0.24626006904487918,calm
2018-09-11,0.042673241462293406,0.17652683945072903,0.37450282386650263,0.24559386973180078,calm
2018-09-12,0.04305069457219236,0.17792725772274479,0.37171304684556483,0.25105243015690776,calm
2018-09-13,0.04323267519643219,0.18389035523273975,0.36490804957642714,0.2626146788990826,calm
2018-09-14,0.0431833934097443,0.1875870464137212,0.3607471177388044,0.2611683848797251,calm
2018-09-17,0.04327471748860672,0.18666062858847113,0.3642825298866052,0.26659038901601834,calm
2018-09-18,0.04346354671437102,0.18275461145311636,0.36893038443918125,0.2678095238095238,calm
2018-09-19,0.043045574739550965,0.18335636509261036,0.37316804899942213,0.2636986301369863,calm
2018-09-20,0.04458094485438166,0.2095969887167987,0.3777019794295924,0.32421132649182816,calm
2018-09-21,0.04537735424113301,0.2309452058781722,0.3941509479989375,0.3777524677296887,calm
2018-09-24,0.045443788193354644,0.2326757789298024,0.3945350538799168,0.3807356844899507,calm
2018-09-25,0.045239513538339104,0.23371058694637664,0.39571842814809854,0.3810606060606061,calm
2018-09-26,0.04486602568031975,0.22526744491451392,0.38866418788678686,0.3560348089292471,calm
2018-09-27,0.044428132110945255,0.22087955529095732,0.38128842083814557,0.33219954648526073,calm
2018-09-28,0.043478927101357326,0.203330046840661,0.3702243609805471,0.29331823329558326,calm
2018-10-01,0.043052145783991594,0.1954813655237056,0.368325880021402,0.27526395173454,calm
2018-10-02,0.04340763008888324,0.19593800710013692,0.37237757708851543,0.2847457627118644,calm
2018-10-03,0.044710050356972536,0.20469405864522927,0.3795051299593149,0.3227990970654627,calm
2018-10-04,0.04457333545704562,0.2117796108422966,0.387552930732101,0.3359639233370913,calm
2018-10-05,0.04406676276869695,0.19668490859698018,0.38462787320839803,0.3055555555555555,calm
2018-10-08,0.04467690618826123,0.20142811568334337,0.386561659658889,0.32620922384701917,calm
2018-10-09,0.045405123670262545,0.2048015966777649,0.3874915330444224,0.3464419475655431,calm
2018-10-10,0.04654496877520181,0.19024173133699376,0.3870121483166056,0.3329592218481107,calm
2018-10-11,0.04763152738146176,0.16178848203522497,0.39899623981635546,0.30455904334828104,calm
2018-10-12,0.04759338856848505,0.16165711199176117,0.40328144275574745,0.3124300111982083,calm
2018-10-15,0.04759047338486995,0.1746056042764524,0.41299780584654916,0.36204325130499626,calm
2018-10-16,0.04830279324247974,0.18209374316373605,0.40611677519511036,0.3649906890130354,calm
2018-10-17,0.04825591495283226,0.17986906686406093,0.4066052265768166,0.3608630952380953,calm
2018-10-18,0.04838921271074085,0.17732898304099082,0.4058897872384376,0.3552582683017466,calm
2018-10-19,0.047906230697696034,0.17587056462456457,0.4068440971244004,0.3500371195248701,calm
2018-10-22,0.04833978777218444,0.18117922234554995,0.4073467175804549,0.3670745272525027,calm
2018-10-23,0.048336583387743805,0.1807840834568149,0.40986358485843893,0.3711111111111111,calm
2018-10-24,0.048933469445905854,0.16512375200138557,0.4082816938797035,0.34295227524972255,calm
2018-10-25,0.04837232615243383,0.15491026488876275,0.40767536117288766,0.32039911308203994,calm
2018-10-26,0.048378125899208,0.1540973058770331,0.4147530470313556,0.3388704318936877,calm
2018-10-29,0.048217983028619106,0.1535645690203041,0.41561944693152203,0.3366519174041298,calm
2018-10-30,0.04821180870227561,0.15219302657648076,0.42458006051817265,0.3546961325966851,calm
2018-10-31,0.04824892458551119,0.14832900952958716,0.426627269360612,0.3528329654157469,calm
2018-11-01,0.052020289057186773,0.1794706598014225,0.43140782956726115,0.43770672546857775,calm
2018-11-02,0.05296731965721543,0.19206382702846855,0.4361084249247655,0.4798091042584434,calm
2018-11-05,0.05334197024555062,0.20116454461343927,0.43905355132867024,0.5016501650165016,transitional
2018-11-06,0.052793020428723435,0.20155210280818023,0.43998362814800623,0.49963369963369964,transitional
2018-11-07,0.05404786454369412,0.21094494935047417,0.4391298986558516,0.5254299304793267,transitional
2018-11-08,0.053818864667383566,0.22655498376012378,0.4551320097240331,0.5760233918128655,transitional
2018-11-09,0.054236454223448784,0.21588891538010277,0.44273586343694793,0.5410733844468784,transitional
2018-11-12,0.05486365108179747,0.20846107862983893,0.4329124860060656,0.5229759299781181,transitional
2018-11-13,0.05423325010157283,0.19902967025646734,0.42764368949769616,0.49398907103825135,calm
2018-11-14,0.054109048665613675,0.19924230491650988,0.42755582104861156,0.49272197962154296,calm
2018-11-15,0.05405841329554924,0.18720944371370557,0.4259272111447912,0.47691748455107236,calm
2018-11-16,0.05454122909931783,0.19870126106319924,0.43444334852838346,0.5083514887436457,transitional
2018-11-19,0.053133681544098234,0.18714478648557656,0.43222179333170724,0.46753717809212914,calm
2018-11-20,0.053793085003430344,0.19359458800720628,0.43267784359495187,0.48550724637681153,calm
2018-11-21,0.05345364155361706,0.18932729260520453,0.4260689388525627,0.4701411509229099,calm
2018-11-23,0.052435377695002075,0.18611979018358712,0.4276409271531837,0.4526391901663051,calm
2018-11-26,0.052819350771656684,0.18834929394510358,0.4291639420332106,0.4647887323943662,calm
2018-11-27,0.052806948262414756,0.18621454912550356,0.42777830627473856,0.4595959595959596,calm
2018-11-28,0.054007569750222965,0.18715232266774098,0.4172938912612448,0.4583783783783784,calm
2018-11-29,0.05399387677940465,0.18420986122939126,0.41339220666109705,0.4431245500359971,calm
2018-11-30,0.05393777085491822,0.18241430931029143,0.41014564847594653,0.4275440489032722,calm
2018-12-03,0.055102755064397005,0.19213529224064438,0.4108772351982382,0.461566091954023,calm
2018-12-04,0.05479550576873577,0.17118883240113938,0.40875173438457607,0.41298887692859704,calm
2018-12-06,0.05493433647354714,0.17277049071995518,0.4091457368986057,0.4204301075268817,calm
2018-12-07,0.054854725195475997,0.16429248762316226,0.40664864920820953,0.3952738990332975,calm
2018-12-10,0.054699492662289385,0.1527213268046673,0.4006141805019642,0.3623032904148784,calm
2018-12-11,0.054395683557203894,0.14784674706512244,0.396108189210732,0.345837799214005,calm
2018-12-12,0.05490619175771869,0.14650979357012925,0.3923320293573379,0.34653818700927913,calm
2018-12-13,0.054738339463190976,0.14348532153368004,0.38413568616181065,0.32727272727272727,calm
2018-12-14,0.055719964216593414,0.14871960686236288,0.3837995636435437,0.3429487179487179,calm
2018-12-17,0.05429572522760563,0.13426802407304708,0.38699132292943056,0.311988616150836,calm
2018-12-18,0.053972294434989014,0.13660699944810045,0.38858144811148165,0.31165600568585644,calm
2018-12-19,0.05406713065764322,0.12948201043818627,0.37766444113456277,0.2921547745828896,calm
2018-12-20,0.05400361197420538,0.11698149770129414,0.3654241878095871,0.27304964539007087,calm
2018-12-21,0.05514128783127343,0.1276618845895311,0.3690674713456114,0.3028692879914984,calm
2018-12-24,0.05505532788796792,0.12249709006717871,0.37105474740788874,0.30042462845010615,calm
2018-12-26,0.05659240882346618,0.11124412792397247,0.3846925312094205,0.31813361611876995,calm
2018-12-27,0.05704171618683777,0.11317789834499922,0.3820095990563507,0.31956214689265533,calm
2018-12-28,0.05735594798790463,0.1205000656494108,0.38776263767120406,0.34215167548500885,calm
2018-12-31,0.05703318781614694,0.11578341205362178,0.3783109537868321,0.3199436222692037,calm
2019-01-02,0.05671001902452045,0.10924128278416374,0.3760441706551247,0.3097500879971841,calm
2019-01-03,0.05661183771054631,0.11298043585824283,0.3904286223443176,0.329817158931083,calm
2019-01-04,0.0566846543364555,0.09392126851389783,0.38877215545971183,0.31260976466455914,calm
2019-01-07,0.056346322690852414,0.087802194016617,0.3865546450095688,0.29789473684210527,calm
2019-01-08,0.054756731307435,0.08163590790747677,0.3933352043625508,0.28496319663512093,calm
2019-01-09,0.05452074074181136,0.07272854392117852,0.35955289005109525,0.22443977591036415,calm
2019-01-10,0.05494784644071715,0.08180709738534951,0.36225622045002015,0.254634487583071,calm
2019-01-11,0.055283235800056625,0.08773307691463836,0.36606585176084944,0.2686932215234102,calm
2019-01-14,0.05423247150041608,0.08370092805875962,0.3681215986546087,0.2481675392670157,calm
2019-01-15,0.05388892912324308,0.07698442906799774,0.3649357490169178,0.2290794979079498,calm
2019-01-16,0.05315958363327781,0.07500845604951453,0.36637820951542543,0.21525600835945666,calm
2019-01-17,0.053537578846152775,0.07584269500920196,0.3651737607770713,0.22233820459290188,calm
2019-01-18,0.053141101907344425,0.0682117983357454,0.37016573383343465,0.20611748348974623,calm
2019-01-22,0.05312219736235067,0.06856535476213568,0.37396178153558046,0.20972222222222223,calm
2019-01-23,0.05194217228877848,0.07056595991265398,0.3733776726654777,0.19285466527922304,calm
2019-01-24,0.051966664900871234,0.07010785176276116,0.3649823502478679,0.1853776853776854,calm
2019-01-25,0.05315947934143682,0.07131947853808442,0.3500559677348795,0.19833852544132916,calm
2019-01-28,0.052859575521565116,0.06651556042347735,0.3487454609635809,0.1884508990318119,calm
2019-01-29,0.05277865571022513,0.06066339666904937,0.3394956946960837,0.1751295336787565,calm
2019-01-30,0.05367890135362638,0.06733124678614215,0.331866027887791,0.20151828847481024,calm
2019-01-31,0.051632494637630165,0.053710668339479364,0.3319812936625519,0.1523612547397449,calm
2019-02-01,0.05065446248191576,0.04362964462032631,0.33997491805930563,0.1415289256198347,calm
2019-02-04,0.05063744170403148,0.04827615000306772,0.3442108302923569,0.14482284141726867,calm
2019-02-05,0.0506323394465956,0.04745359197408929,0.34297671373629746,0.1443298969072165,calm
2019-02-06,0.04991708556071947,0.04769566906630675,0.34521536419344384,0.14212152420185376,calm
2019-02-07,0.049530893472464914,0.042029644286299205,0.3456657606861171,0.13545953360768176,calm
2019-02-08,0.04872013000844788,0.04454771923101475,0.35608637845535196,0.1329222336416581,calm
2019-02-11,0.047591703682763054,0.04951531199738507,0.3695391617330841,0.1375770020533881,calm
2019-02-12,0.04788507472195663,0.053221962895400855,0.3695715970019381,0.14461538461538462,calm
2019-02-13,0.0482485517066186,0.06623995527815117,0.3757807253709115,0.16939890710382513,calm
2019-02-14,0.04798941830787421,0.06671773076870471,0.3722986544201208,0.16547253497099965,calm
2019-02-15,0.04841948386861496,0.06572399352744962,0.36875728851507633,0.16530334014996592,calm
2019-02-19,0.04939977198819111,0.07133797873316612,0.36998446742432173,0.18624446714334356,calm
2019-02-20,0.047977289566015234,0.06423180390892627,0.37570949580188406,0.16326530612244897,calm
2019-02-21,0.04983154726989479,0.0846357067652482,0.38071088871653347,0.22290180088345227,calm
2019-02-22,0.050200410486185267,0.08921089526986514,0.3815636554456162,0.23217922606924643,calm
2019-02-25,0.05009244311541241,0.08945573678609728,0.37955681136846947,0.23024754153950489,calm
2019-02-26,0.05011563864315591,0.08790841176280817,0.37892921499461224,0.22865853658536583,calm
2019-02-27,0.04965333119337352,0.09203806350865444,0.38798687023530926,0.244331641285956,calm
2019-02-28,0.05023820614616479,0.1018031570745902,0.39360184955591,0.268762677484787,calm
2019-03-01,0.051771783871299666,0.1161409632861897,0.4081099424496706,0.31678486997635935,calm
2019-03-04,0.050510424674636296,0.10497899725298385,0.4071741642457536,0.2948717948717949,calm
2019-03-05,0.05018667687985704,0.11764484306816536,0.40541200220313833,0.3009774182676104,calm
2019-03-06,0.050154778265851616,0.1164360349030483,0.40387053157800884,0.2946127946127946,calm
2019-03-07,0.04970533382072223,0.11307193061086027,0.40228879224068004,0.286242852337706,calm
2019-03-08,0.04953822136626417,0.11795099618636803,0.4061334839016289,0.2987231182795699,calm
2019-03-11,0.049762133284093554,0.11499316782650207,0.4045450597195808,0.29305135951661637,calm
2019-03-12,0.049609293689759096,0.11827052970133675,0.4079116700728448,0.30650570087189805,calm
2019-03-13,0.050164168839414824,0.11400125225868667,0.40450922370335674,0.2954773869346734,calm
2019-03-14,0.04984766922029572,0.11748959519682205,0.41532340865588663,0.3286479250334672,calm
2019-03-15,0.05044282458860253,0.1286368929960255,0.41334971921105357,0.3396857238381812,calm
2019-03-18,0.0503582886876751,0.1281412038337983,0.41183363109905263,0.3350033400133601,calm
2019-03-19,0.04998279637833998,0.1374880602477358,0.42704837918108257,0.37337337337337334,calm
2019-03-20,0.050040914091683666,0.14527472593496643,0.44862919832996223,0.4256666666666667,calm
2019-03-21,0.04797874206994568,0.12871385033956756,0.4521190982023593,0.38994338994338995,calm
2019-03-22,0.047842685497010734,0.13473820058218963,0.4722172006315221,0.4294743845642049,calm
2019-03-25,0.04684089680771157,0.1488496266221701,0.4607710628504265,0.4207377866400798,calm
2019-03-26,0.04663744650466356,0.14924234485418306,0.4649711577341599,0.42563081009296155,calm
2019-03-27,0.046262320711236586,0.1412756133718703,0.45476643383135035,0.3970149253731343,calm
2019-03-28,0.04692363611271738,0.1329575280343619,0.44922940727730876,0.37939032471835654,calm
2019-03-29,0.04688379057797324,0.13883985501740895,0.4513465126686285,0.3922542204568024,calm
2019-04-01,0.046920197770124364,0.13925113731213196,0.4514514376573279,0.39351851851851855,calm
2019-04-02,0.046409787440485635,0.15605173179601142,0.44304326890083084,0.39147670961347875,calm
2019-04-03,0.046602489597873026,0.15719233905438676,0.44354316230457963,0.3947194719471947,calm
2019-04-04,0.046599148812940965,0.1574398142571277,0.44414860116127247,0.39828552588196503,calm
2019-04-05,0.046143385114233375,0.15359487717815953,0.44624565430297797,0.3949275362318841,calm
2019-04-08,0.04544164351048316,0.1444066133610704,0.4377350943804324,0.3570253372820007,calm
2019-04-09,0.04517096957952655,0.14033956911681866,0.43870243332647546,0.35042735042735046,calm
2019-04-10,0.045206259618374656,0.1419074369062921,0.4432177586826916,0.3645320197044335,calm
2019-04-11,0.04647167495518256,0.15227999260683403,0.4448923060015724,0.3937007874015748,calm
2019-04-12,0.04645574152167172,0.14960179911229116,0.44539934867115727,0.39167486070140933,calm
2019-04-15,0.04613642884070159,0.14595139393535167,0.4439284331739473,0.3798297314996726,calm
2019-04-16,0.04698795653150783,0.1634515093175542,0.44735188643379287,0.42525351651946347,calm
2019-04-17,0.04708280675957279,0.17176353883162154,0.4424641214897717,0.4261437908496732,calm
2019-04-18,0.046938954430571334,0.1706951165014737,0.4426289106617773,0.42246163891609534,calm
2019-04-22,0.047027388364017306,0.17283606804671414,0.44323714522155844,0.4311806914546641,calm
2019-04-23,0.04562684715462335,0.16972578195999236,0.4501777559317448,0.43108504398826986,calm
2019-04-24,0.04548783749452448,0.16549890707031073,0.4542980375788618,0.431640625,calm
2019-04-25,0.045522278247165475,0.17071494066148335,0.452194258300054,0.4386991869918699,calm
2019-04-26,0.04497247023857116,0.1641866290029152,0.46110526469034774,0.43209876543209874,calm
2019-04-29,0.044202480805593254,0.15294400711347805,0.4707930694843059,0.4167478091528724,calm
2019-04-30,0.04425141342997626,0.15091569182062525,0.4710679769307993,0.4153696498054475,calm
2019-05-01,0.044388192481561,0.15215682672517103,0.462937799393702,0.4039520570132815,calm
2019-05-02,0.0448349404742431,0.16139451101802982,0.4633853133953359,0.42783171521035596,calm
2019-05-03,0.04635952793442336,0.1816616398504893,0.46192778305589927,0.48173294536049144,calm
2019-05-06,0.04642718672379287,0.18430908668514778,0.4631174908179497,0.4919250645994832,calm
2019-05-07,0.046476780584988525,0.1784358173554669,0.46129792576574874,0.4743465634075508,calm
2019-05-08,0.04652616194297799,0.1794288738339952,0.4588795766897943,0.47259832366215343,calm
2019-05-09,0.04615401418582165,0.17596392629954855,0.4622529820912854,0.4676328502415459,calm
2019-05-10,0.04588515811441841,0.173566002377443,0.4590622598731213,0.45785070785070786,calm
2019-05-13,0.04614646673455223,0.16306458605375823,0.46266444781821475,0.44423015107682423,calm
2019-05-14,0.04487953769614406,0.14984478206644034,0.4648402059602915,0.4136159280667951,calm
2019-05-15,0.04297310514579038,0.14008762290529803,0.4674409092364817,0.36862367661212697,calm
2019-05-16,0.04303166209325247,0.13830832920213187,0.47167985980194366,0.37756410256410255,calm
2019-05-17,0.0419864383317113,0.1289277938170847,0.4666946319184329,0.34742235030419466,calm
2019-05-20,0.04140600283214604,0.12181478321986476,0.465007754902233,0.3352527191298784,calm
2019-05-21,0.041427650711122234,0.12265009525534605,0.46494899024081426,0.336529242569511,calm
2019-05-22,0.04071501568519965,0.11612697691068723,0.4639536306961419,0.3227969348659004,calm
2019-05-23,0.040152521099046594,0.1115982181839847,0.47060941605717715,0.32791068580542265,calm
2019-05-24,0.03980047757387241,0.10783823851500185,0.4695877729561622,0.3186743148502231,calm
2019-05-28,0.03837857716656112,0.0989546941582589,0.4555832247499005,0.27857370264247056,calm
2019-05-29,0.0384812701785264,0.10208898077720234,0.4570767070082832,0.28466921119592875,calm
2019-05-30,0.03949125235854902,0.11092209696775605,0.4588480770734208,0.30028598665395617,calm
2019-05-31,0.0399571925365787,0.10687936913974647,0.4708527815456247,0.3244444444444445,calm
2019-06-03,0.040751134846924636,0.11604190016063247,0.47388856115713063,0.3517285125277514,calm
2019-06-04,0.040926425619727556,0.11383459858607767,0.4720868823409909,0.3437896070975919,calm
2019-06-05,0.040460079086755106,0.11430905100567723,0.47176618707132467,0.3406141183918962,calm
2019-06-06,0.0404705451149654,0.1181269474803666,0.47139452215497496,0.34471853257432006,calm
2019-06-07,0.0413813774082478,0.14395575954405115,0.4759475150681287,0.39684044233807264,calm
2019-06-10,0.04119010223000777,0.14341346779588982,0.4835645518986014,0.4065656565656566,calm
2019-06-11,0.04014171059237051,0.1311070142249073,0.48248124965766176,0.37685272784610535,calm
2019-06-12,0.04013758771521318,0.12968588643057632,0.4813725083188925,0.3739760554505356,calm
2019-06-13,0.040504418571673764,0.13329436689388346,0.4818295104027531,0.3843248347497639,calm
2019-06-14,0.040281323025307444,0.14129572131585916,0.4793913311392774,0.3889937106918239,calm
2019-06-17,0.04030517990698144,0.14714952434557033,0.4814680122981982,0.40182218033301914,calm
2019-06-18,0.04160688758656908,0.1709744496166498,0.4565272083756877,0.4001883239171375,calm
2019-06-19,0.04235808063590507,0.1792429052645979,0.4562717524382479,0.4179993728441518,calm
2019-06-20,0.046135207436925334,0.20071137850816725,0.4477055851420467,0.48433583959899745,calm
2019-06-21,0.04629584665289641,0.19634286102302662,0.4406456735833738,0.4625978090766823,calm
2019-06-24,0.046002047445397654,0.20636634821092165,0.4510062370407866,0.4996873045653534,transitional
2019-06-25,0.04644934404784114,0.20972904211382498,0.4451690915195028,0.4939081537019681,calm
2019-06-26,0.047237254267672474,0.23768322768289823,0.4529725187515429,0.5465043695380775,transitional
2019-06-27,0.04738614127330695,0.23287748658519908,0.446757560893019,0.5288431555971312,transitional
2019-06-28,0.047267273558687005,0.23774832277906738,0.44798114052492966,0.535202492211838,transitional
2019-07-01,0.047905641273198823,0.22859241916178155,0.44288958365267167,0.516651104886399,transitional
2019-07-02,0.04925032580462958,0.2260890929621732,0.43925799839022306,0.5211442786069651,transitional
2019-07-03,0.049569688590965624,0.23120916526202867,0.4414166835999149,0.5327741534638086,transitional
2019-07-05,0.05254340769785942,0.25531926654036324,0.460367213191442,0.6250775915580385,transitional
2019-07-08,0.05265637462365669,0.25489997486824517,0.4595369532567766,0.6257364341085272,transitional
2019-07-09,0.051627867192757734,0.24838064543730884,0.4548076210425833,0.595724907063197,transitional
2019-07-10,0.05209857563106776,0.24793086948538937,0.4482322578773358,0.5871247291860106,transitional
2019-07-11,0.05324734824269044,0.246715178203244,0.4521783451697896,0.6125541125541126,transitional
2019-07-12,0.052524297140699124,0.2399928480214649,0.44496854537459224,0.577386468952734,transitional
2019-07-15,0.05240399906427815,0.2364923660361847,0.44273073257219714,0.5635802469135802,transitional
2019-07-16,0.05378110421331354,0.25200402290770635,0.4519359317197668,0.6259636139377119,transitional
2019-07-17,0.05457732876476895,0.2536432580955877,0.46206373847553084,0.6620455945779421,transitional
2019-07-18,0.05552099479089075,0.2598513147731921,0.4657040320159967,0.6872883964296707,transitional
2019-07-19,0.057073381379323426,0.2728372847452742,0.471154976440912,0.7272447724477246,stressed
2019-07-22,0.057016729457949895,0.27100151956402885,0.4694706738082041,0.7188940092165899,stressed
2019-07-23,0.05675040044150662,0.2647319329782084,0.46863975190322404,0.7087170042971147,stressed
2019-07-24,0.05683051804467864,0.27221762481565437,0.4716101700517423,0.7249310027598895,stressed
2019-07-25,0.05757266961438616,0.28356262143470434,0.4780690568575595,0.7561274509803922,stressed
2019-07-26,0.05731769863349955,0.28207211345232025,0.4791146075492048,0.7532904805632078,stressed
2019-07-29,0.0570094076330587,0.2716639649542759,0.4715220030570941,0.7238532110091742,stressed
2019-07-30,0.05569446260677472,0.25981957613140505,0.46779870935359436,0.6871371830125268,transitional
2019-07-31,0.05609221730741915,0.25245754776492046,0.45925263735726446,0.6681929181929182,transitional
2019-08-01,0.05819274217001493,0.2535035653320452,0.4766554691956536,0.737419945105215,stressed
2019-08-02,0.05760389619439816,0.24356496224454416,0.4700035041946551,0.7035344302254721,transitional
2019-08-05,0.05761758418745384,0.22267802588765512,0.47008579866899297,0.6876712328767124,transitional
2019-08-06,0.0593105776103817,0.23876549435310332,0.4705337417748931,0.7238442822384429,stressed
2019-08-07,0.059109618501408424,0.24063209212399767,0.4679262058753805,0.7128532360984504,stressed
2019-08-08,0.05992817638048658,0.24751095722159677,0.46692292226289006,0.7276867030965392,stressed
2019-08-09,0.061091185535588566,0.26272165781404044,0.4738582808599907,0.7770700636942675,stressed
2019-08-12,0.06165131075208568,0.2607542030577056,0.4790438416418042,0.790909090909091,stressed
2019-08-13,0.060956151680400326,0.2508643810464144,0.4814043119249509,0.7771722676354829,stressed
2019-08-14,0.0605901477580798,0.23072839932259742,0.4834900912567324,0.7598306110102843,stressed
2019-08-15,0.061399016851830086,0.23942218193072046,0.4858409332947893,0.7802961619824721,stressed
2019-08-16,0.06134230262512133,0.23219385996461664,0.48311352261704804,0.7699275362318841,stressed
2019-08-19,0.062190742368077506,0.23221572361749923,0.49059093743241855,0.792156862745098,stressed
2019-08-20,0.062412986826966776,0.2330584550948247,0.4974480734760603,0.8004822182037371,stressed
2019-08-21,0.06218914549256331,0.2304732152766958,0.5010765156643153,0.8000602228244506,stressed
2019-08-22,0.062108515467727395,0.2094883741558308,0.4898445472417166,0.7674488567990373,stressed
2019-08-23,0.061861220676775554,0.19796577470718468,0.5032196735507711,0.7625488428013224,stressed
2019-08-26,0.06171307080545458,0.19926333139756136,0.5007254758932653,0.7594594594594595,stressed
2019-08-27,0.06220988127579267,0.20355931186195905,0.5053762837726686,0.7782778277827783,stressed
2019-08-28,0.062178650560663365,0.20821808343754875,0.5100459859756629,0.7865707434052758,stressed
2019-08-29,0.062268003212816385,0.2071688270884385,0.5143890757714156,0.7891584306678646,stressed
2019-08-30,0.0622659234238912,0.2066590453015801,0.5148519563747611,0.789347695990425,stressed
2019-09-03,0.06127579075028691,0.19315319039598897,0.5104421935093446,0.7497757847533633,stressed
2019-09-04,0.06130442154258814,0.19329586721030467,0.4995533910453243,0.7413381123058542,stressed
2019-09-05,0.06281754942694366,0.16838904662278806,0.5053990759597611,0.7275440167114294,stressed
2019-09-06,0.06285573159820931,0.16460790484186444,0.5008818038479594,0.7164579606440071,stressed
2019-09-09,0.06379673727994681,0.15658581280284573,0.49735391526204237,0.7083705689603813,stressed
2019-09-10,0.06566149167068248,0.16125859755447378,0.4989401418869583,0.7273809523809524,stressed
2019-09-11,0.06565383772888149,0.16027673846217588,0.4982052065352665,0.7237585489146595,stressed
2019-09-12,0.06487605164983552,0.15348716096456536,0.5020903671686799,0.7186571598336305,stressed
2019-09-13,0.06554079986619918,0.12861035355466655,0.5020860244033417,0.6823983377856931,transitional
2019-09-16,0.06323126566998617,0.11051934729992138,0.5119771973567554,0.6542111506524318,transitional
2019-09-17,0.0634804512366602,0.11801666681800031,0.5159538553729512,0.6714074074074073,transitional
2019-09-18,0.06291359378558783,0.1158253505614298,0.5131447838982511,0.6580817051509769,transitional
2019-09-19,0.06276372912975324,0.11431560202608984,0.5163408753009893,0.6566104702750666,transitional
2019-09-20,0.06266027643097268,0.10804366051921699,0.520760019991469,0.6492316784869976,transitional
2019-09-23,0.06251769806347508,0.10920444159748573,0.5233039010268014,0.6507233540005904,transitional
2019-09-24,0.06268421200093621,0.10888979906930493,0.5256791335497816,0.6525073746312685,transitional
2019-09-25,0.06522634508050329,0.13209581303565354,0.5372048694370336,0.7111700559976422,stressed
2019-09-26,0.06415411174803828,0.13265270246075225,0.5398966421008462,0.7087750294464076,stressed
2019-09-27,0.06403281888291308,0.1321556983129272,0.5407892125773222,0.7075610473668726,stressed
2019-09-30,0.061848568282961154,0.11430548949311274,0.5333525581976227,0.6487360376249265,transitional
2019-10-01,0.06153157330151798,0.11208488552360796,0.5350557740069505,0.6405286343612334,transitional
2019-10-02,0.061583017010706946,0.11138255929068837,0.5334252691001675,0.6408450704225351,transitional
2019-10-03,0.062127447689445364,0.11976046622812819,0.5377214527602048,0.6654939900322486,transitional
2019-10-04,0.061775811003907444,0.12456074520100868,0.5305055277176349,0.6575864089045108,transitional
2019-10-07,0.06303678292473068,0.1326354544268822,0.5307605238323494,0.6883230904302019,transitional
2019-10-08,0.06329314182954329,0.13459635276254256,0.5286192335205093,0.693859649122807,transitional
2019-10-09,0.06218920416232283,0.1248900483098154,0.5283242989731581,0.6628688285130003,transitional
2019-10-10,0.061362242096262405,0.09843596317823491,0.5315492685684592,0.621132516053707,transitional
2019-10-11,0.06036287186015396,0.08307605737153535,0.5416652678359005,0.6025080198308544,transitional
2019-10-14,0.05899819091350052,0.07293862031911742,0.5475387635681541,0.5690559440559441,transitional
2019-10-15,0.05900293870745733,0.06442695394222993,0.5564660269009645,0.5580786026200873,transitional
2019-10-16,0.05893857766080489,0.06494203957695145,0.5566809637918055,0.5578824898196627,transitional
2019-10-17,0.05850577210228771,0.06160658574915241,0.5574911537483006,0.5486777099680326,transitional
2019-10-18,0.05754711225603617,0.054925870545202135,0.558971082945467,0.5339721254355401,transitional
2019-10-21,0.05766218052482214,0.054659946831985086,0.5618053426117486,0.5381491151726139,transitional
2019-10-22,0.05745905066987384,0.0531665089149425,0.5645258188350151,0.5344927536231884,transitional
2019-10-23,0.057439621059434426,0.053095233427268226,0.5646716096981238,0.5337387778743122,transitional
2019-10-24,0.05694474913106398,0.05247817667669389,0.5721623246985814,0.5326967592592592,transitional
2019-10-25,0.054653452440288505,0.049824601182205976,0.5610643296344662,0.49407343162763806,calm
2019-10-28,0.05500454350016252,0.0510318829079094,0.5663758179752816,0.5049104563835933,transitional
2019-10-29,0.05510337797808366,0.05964821494560106,0.5614130120985427,0.5105339105339105,transitional
2019-10-30,0.05431013335022845,0.05187901944152111,0.5666871921214023,0.49567474048442905,transitional
2019-10-31,0.055338486822059794,0.06092760228487554,0.5728415206318386,0.5243445692883895,transitional
2019-11-01,0.05428070168796531,0.05300915355467147,0.5795887596451071,0.5054691997697179,transitional
2019-11-04,0.054084492710702446,0.04733837432976728,0.5815497664488387,0.4981305723324705,transitional
2019-11-05,0.05504241798444436,0.05781097552725469,0.5739889809048425,0.5204022988505747,transitional
2019-11-06,0.05527001395334065,0.056979867049221034,0.5750246895512899,0.5222509331036463,transitional
2019-11-07,0.057964246472416894,0.08052621394753681,0.5716473198906029,0.591508892713712,transitional
2019-11-08,0.05688194273705729,0.07391818826512152,0.5731981674720003,0.5649183147033534,transitional
2019-11-11,0.05685209466842836,0.07437248420758767,0.5751636943289327,0.5675830469644902,transitional
2019-11-12,0.05644812474028543,0.07660379387418118,0.57128716476907,0.5619456366237482,transitional
2019-11-13,0.05613956235767281,0.07788610029299262,0.568343945010086,0.5580331618067467,transitional
2019-11-14,0.05689336467561427,0.08286691917433256,0.569759777099901,0.5772636389602971,transitional
2019-11-15,0.05690083797757305,0.08678346027202534,0.5690373045693884,0.5804794520547946,transitional
2019-11-18,0.056683513737725844,0.10520499478720821,0.5568564941611831,0.5808383233532934,transitional
2019-11-19,0.05676888466932674,0.10497970985587898,0.5595376136934979,0.5837606837606838,transitional
2019-11-20,0.05537595388154421,0.09786965592323087,0.5584132537288973,0.5599202960432678,transitional
2019-11-21,0.055827120535839485,0.10282001484677372,0.5590551068220706,0.5708191126279863,transitional
2019-11-22,0.05581619174516316,0.10407456816921498,0.5583453357312151,0.5697641375390736,transitional
2019-11-25,0.05607294385840434,0.1063446578987445,0.55399984654733,0.5735377626348667,transitional
2019-11-26,0.056283245169559785,0.11288317834954527,0.5571862844661505,0.5858156028368794,transitional
2019-11-27,0.05471783004228646,0.09409085845309414,0.5651676248901228,0.5555555555555555,transitional
2019-11-29,0.05343623839169661,0.11160428571347474,0.536844060544734,0.530161427357689,transitional
2019-12-02,0.0545199863167697,0.12420989866151426,0.5358800941396199,0.5622524052065648,transitional
2019-12-03,0.0554194156314686,0.1273238196080086,0.5414688909591518,0.5843935538592028,transitional
2019-12-04,0.053332377054051985,0.11442293093612646,0.5442841102016923,0.5392655367231639,transitional
2019-12-05,0.05324920657294078,0.11454638174596651,0.5475018724500893,0.5407846457804121,transitional
2019-12-06,0.05337583995501354,0.1127383415813262,0.549287291084729,0.5403271291596164,transitional
2019-12-09,0.05204621167009436,0.12601284983774189,0.5431728657730092,0.5325443786982249,transitional
2019-12-10,0.05165715847721229,0.1322891260437091,0.5353571910436186,0.5273085585585586,transitional
2019-12-11,0.051896273950718275,0.13219104845922688,0.5364356167932716,0.5305203938115332,transitional
2019-12-12,0.05252542950960855,0.13089814346054682,0.541738553489262,0.5458122540753232,transitional
2019-12-13,0.05412666022774808,0.1444466063291004,0.5379839109959466,0.5897219882055603,transitional
2019-12-16,0.05349602713874666,0.15067737877456425,0.5280166144579269,0.5765993265993267,transitional
2019-12-17,0.05413469242954609,0.15382754604730572,0.529204490156709,0.5943369778525373,transitional
2019-12-18,0.05398267128942392,0.15795256912287048,0.5231120751516245,0.592156862745098,transitional
2019-12-19,0.05060088099210759,0.13503491200851953,0.519663737083076,0.5141337811362999,transitional
2019-12-20,0.050618545317701956,0.13713325156160794,0.5186364453034987,0.5164988814317674,transitional
2019-12-23,0.05040407826095902,0.13435624449211941,0.5211501372555245,0.513271863649064,transitional
2019-12-24,0.05062381141446945,0.146161487617246,0.5377565733470929,0.547180346175321,transitional
2019-12-26,0.051111843526415755,0.15410249171509893,0.5338071471728603,0.5570432357043236,transitional
2019-12-27,0.051052903641313825,0.16385540116674638,0.5365466993702698,0.572742474916388,transitional
2019-12-30,0.04987285981729609,0.14992853713222248,0.5395193398870904,0.5466443887496518,transitional
2019-12-31,0.04898681597365265,0.1323808545633769,0.5483268021648015,0.5183639398998331,transitional
2020-01-02,0.047857133930027065,0.1123930338111643,0.5502867425139629,0.4812343619683069,calm
2020-01-03,0.0479798088177157,0.09621907770341795,0.5672820113128927,0.4791666666666667,calm
2020-01-06,0.048134080951095566,0.09005806501115747,0.5576763632125814,0.46489036913683046,calm
2020-01-07,0.04837686317722529,0.11598168959862817,0.5346220499557832,0.478369384359401,calm
2020-01-08,0.048741169750254554,0.12733762518205388,0.5271761672542666,0.4887780548628429,calm
2020-01-09,0.048757415237334914,0.1284989290152006,0.5143732870687232,0.48034330011074194,calm
2020-01-10,0.04896062061915258,0.14415951725665016,0.5118749895648466,0.50567081604426,transitional
2020-01-13,0.0491976671491096,0.14371783188956463,0.5149810449241171,0.5102266445550028,transitional
2020-01-14,0.04918347023838475,0.14228968493292943,0.5151133485219911,0.5070422535211269,transitional
2020-01-15,0.04955850989419276,0.14637107658202037,0.5165670851917106,0.5195916114790288,transitional
2020-01-16,0.049451297095291426,0.15109605235763593,0.5113894416138258,0.5194375516956162,transitional
2020-01-17,0.04968112521511506,0.1529215946680153,0.5096182191737921,0.5239669421487604,transitional
2020-01-21,0.04993514958455724,0.14918169345181284,0.5107669389057271,0.5210569777043765,transitional
2020-01-22,0.05006242927745171,0.15250929159171522,0.513581477987179,0.5305280528052805,transitional
2020-01-23,0.05010251141435005,0.1529450891814351,0.5138210784341971,0.5322890904094532,transitional
2020-01-24,0.04964983368274405,0.15398853950070895,0.511128804050934,0.5271828665568369,transitional
2020-01-27,0.04950949442099568,0.14410704915132408,0.5172939779400498,0.5141289437585734,transitional
2020-01-28,0.04858806129292076,0.13126204113145412,0.5230652686609752,0.487938596491228,calm
2020-01-29,0.04756162433751211,0.1248070103705619,0.5158941398072737,0.4609695973705834,calm
2020-01-30,0.04761873229410809,0.12436600936959707,0.5171437465211953,0.46305418719211827,calm
2020-01-31,0.04652385332920528,0.11351783483817315,0.51957138453382,0.4402515723270441,calm
2020-02-03,0.0446114150212944,0.09913968977679852,0.5232941499931363,0.4054644808743169,calm
2020-02-04,0.044811318930635224,0.09076776813601853,0.5368336474189866,0.41359541359541363,calm
2020-02-05,0.04086121023648847,0.06328014483516131,0.5227556846436562,0.31969448990725585,calm
2020-02-06,0.04033139088641093,0.056772694669006384,0.518485668106337,0.30471518124829655,calm
2020-02-07,0.040387089712287334,0.05330583982277224,0.5218962697568382,0.30637254901960786,calm
2020-02-10,0.0406656921378065,0.05770591876437682,0.5195215308152227,0.31047619047619046,calm
2020-02-11,0.04069253409495352,0.05634352487526426,0.5191613348811943,0.30886351277868407,calm
2020-02-12,0.03994298228833395,0.05061938899240811,0.520141929777631,0.2950285248573757,calm
2020-02-13,0.04016488375966681,0.050205825342235,0.5182832250943314,0.2945168295331162,calm
2020-02-14,0.04025030607190173,0.050778256674407204,0.5183152517871846,0.29563330621101164,calm
2020-02-18,0.0404418844258837,0.04783574719864878,0.5198291935835653,0.3005420054200542,calm
2020-02-19,0.040416728972957235,0.047562266535707186,0.5185770566497891,0.29731925264013,calm
2020-02-20,0.0394874870493207,0.036623883665453716,0.5223718934343697,0.28625541125541126,calm
2020-02-21,0.040050854422273345,0.03883963052760953,0.5317003624583131,0.30008110300081103,calm
2020-02-24,0.040439140499072365,0.049287981247831805,0.5287570702284609,0.31037277147487846,calm
2020-02-25,0.04361514886144446,0.06121423184434362,0.487498190571164,0.3036437246963563,calm
2020-02-26,0.04427977240129097,0.06813037644474841,0.48210652955457517,0.3158036677454153,calm
2020-02-27,0.04784314798040287,0.09263458143402264,0.4506427353898197,0.32471032066828354,calm
2020-02-28,0.04679845686111157,0.018349064261212137,0.3970130382765682,0.14431879375336565,calm
2020-03-02,0.0468888875197872,0.0021274530138382206,0.389990296107581,0.13182674199623354,calm
2020-03-03,0.04846807484954997,0.01708985657901792,0.42528595337134695,0.21451612903225806,calm
2020-03-04,0.05060272175123057,0.022810538484957694,0.4193115578312302,0.23045930701047543,calm
2020-03-05,0.05072338507221432,0.016862724610698532,0.4236330550057326,0.23590982286634463,calm
2020-03-06,0.05369040643976095,0.01861187962781946,0.42134771794840276,0.2697774202198981,calm
2020-03-09,0.061644759330886006,0.010962200599343672,0.3645617645784853,0.28885316184351556,calm
2020-03-10,0.0662472828271969,0.048048146609207296,0.447822666934605,0.47951807228915655,calm
2020-03-11,0.08539719118269004,0.11618181168467796,0.4229004405453164,0.5462814339218833,transitional
2020-03-12,0.11576472659064832,0.2237144555760174,0.41673258890883164,0.6861801657310879,transitional
2020-03-13,0.11823521773624944,0.14366519339393224,0.3905798005168572,0.5283119658119658,transitional
2020-03-16,0.12220390433618808,0.12186747672584548,0.373465435018899,0.47744862556712037,calm
2020-03-17,0.12396048722933745,0.1119214666084519,0.3724789869934263,0.4616,calm
2020-03-18,0.15212566249508308,0.21817021371666953,0.41908489928979603,0.6882494004796164,transitional
2020-03-19,0.15272849738343572,0.20052116327846375,0.40620567283548237,0.6397763578274761,transitional
2020-03-20,0.1557968811987361,0.20341963183005435,0.41789994868479297,0.6706570896515031,transitional
2020-03-23,0.1645276428048486,0.18985873385078825,0.4185825577195774,0.6547049441786283,transitional
2020-03-24,0.17839351076098708,0.2182695845422656,0.4152311253789005,0.6807436918990705,transitional
2020-03-25,0.18011038344890964,0.2087303931213992,0.4052363568553965,0.6480891719745223,transitional
2020-03-26,0.18540214673924896,0.2148640495789441,0.40404540096561015,0.6507557677008751,transitional
2020-03-27,0.18542867540706084,0.2099151226152458,0.4005883790598337,0.6406995230524642,transitional
2020-03-30,0.18580345305506962,0.209615536961152,0.400592500705299,0.640455387873974,transitional
2020-03-31,0.18711480193427696,0.20933123635845957,0.3990829747088161,0.6373015873015873,transitional
2020-04-01,0.1876811361431485,0.20819217561400877,0.39824753373343535,0.6357388316151202,transitional
2020-04-02,0.18876120587522308,0.20982239601638136,0.3987582983468865,0.6386687797147386,transitional
2020-04-03,0.18906395932085412,0.20817263317154425,0.3966135433718327,0.6342042755344418,transitional
2020-04-06,0.1950553779026048,0.21746477556068586,0.4018649000315908,0.6513713080168776,transitional
2020-04-07,0.1949910195111906,0.21507248573273224,0.3997600993897778,0.6447957839262187,transitional
2020-04-08,0.195517943840522,0.21237917829656175,0.39715253611228724,0.6395471300684571,transitional
2020-04-09,0.19948873793397784,0.2177764500401574,0.4035343081135268,0.6553538542488818,transitional
2020-04-13,0.19943615262134246,0.21478758101227813,0.4009567121244556,0.6464248159831756,transitional
2020-04-14,0.20003559393778758,0.21503984894604175,0.4007961289566046,0.6469661150512215,transitional
2020-04-15,0.19998555072566193,0.2124842386505165,0.3991952599646605,0.6409448818897637,transitional
2020-04-16,0.1999131825258683,0.21173435598068346,0.39886395694803667,0.6386047731445056,transitional
2020-04-17,0.19988044386022108,0.20845727249737434,0.39614421519453236,0.6315513626834381,transitional
2020-04-20,0.1999659937093257,0.20780118893009805,0.3955793222837856,0.629222309505106,transitional
2020-04-21,0.20065810645479043,0.2084909329295515,0.39649259796139935,0.6336996336996338,transitional
2020-04-22,0.20107145483396502,0.20759612967319013,0.3960805628438395,0.6300653594771242,transitional
2020-04-23,0.20117229836608064,0.2082674652658842,0.3967037873571241,0.6337513061650993,transitional
2020-04-24,0.2011267983579691,0.2076375901817084,0.3962163961998775,0.6306447402766903,transitional
2020-04-27,0.20121387079611663,0.20642350253107078,0.39519192670261727,0.6264997391757955,transitional
2020-04-28,0.20120653549827736,0.20695206937345034,0.3954758056709095,0.6283554860568151,transitional
2020-04-29,0.2014874135368083,0.208439940703702,0.39686781402636734,0.6348958333333333,transitional
2020-04-30,0.20201535629947068,0.2058815056083599,0.3938850752687561,0.6237314597970336,transitional
2020-05-01,0.20227714154902976,0.20556326091324356,0.3936061088399693,0.6229849193967758,transitional
2020-05-04,0.20227357659371686,0.2057203878879707,0.3937167236473897,0.6235385814497273,transitional
2020-05-05,0.20224900972053325,0.2057094085301719,0.3938076145820769,0.62331256490135,transitional
2020-05-06,0.20347102370310458,0.20963442489172118,0.3963808244747462,0.6378728923476005,transitional
2020-05-07,0.2043607835007509,0.2120267949332523,0.39771960307386417,0.6425609123898393,transitional
2020-05-08,0.20436924716752328,0.21075399305208734,0.39669568981421593,0.6392126392126393,transitional
2020-05-11,0.20465767358257833,0.21209732377200635,0.3977345954558908,0.6431159420289855,transitional
2020-05-12,0.20459707050082257,0.2108272081638448,0.39665846237816277,0.638738039824153,transitional
2020-05-13,0.20452023489885557,0.21060713153740998,0.3965818475164648,0.6377260981912145,transitional
2020-05-14,0.20513934598599526,0.21250060056694461,0.39794800189126167,0.6452362509682418,transitional
2020-05-15,0.20512035610273077,0.21148620570336174,0.3969759515397431,0.640608875128999,transitional
2020-05-18,0.20499335268503502,0.20808440050262939,0.3948412168377053,0.6277391080175303,transitional
2020-05-19,0.20494807877628393,0.20924900168726074,0.39569490587233425,0.6318907779495105,transitional
2020-05-20,0.20471650472903005,0.21196989605256142,0.3982549600873477,0.6437580437580438,transitional
2020-05-21,0.20480834382243507,0.211536785434644,0.3979945390571091,0.6424897119341564,transitional
2020-05-22,0.20405014216470435,0.21195473299740267,0.39807409433484325,0.6414803392444102,transitional
2020-05-26,0.20397164102177331,0.2158907455368279,0.4005857448748042,0.6520287621982537,transitional
2020-05-27,0.20355299358775908,0.21678780856261298,0.4011460814319136,0.6543494996150885,transitional
2020-05-28,0.20315854099234415,0.21893047182410466,0.402904073030311,0.66,transitional
2020-05-29,0.20286727969497517,0.22071355288777778,0.4038844818694397,0.6625672559569562,transitional
2020-06-01,0.2027899994035844,0.22157307540136265,0.4055021704179231,0.6676907322068611,transitional
2020-06-02,0.20187678316380828,0.22115839705923324,0.40542214396524695,0.6658992069583014,transitional
2020-06-03,0.19991337575768914,0.22777652235301246,0.40864655713104825,0.6761247443762781,transitional
2020-06-04,0.19841220248874475,0.22532407709900387,0.41088836379796057,0.6776500638569605,transitional
2020-06-05,0.1905537529610455,0.2041766798328927,0.4005330606936059,0.6202143950995406,transitional
2020-06-08,0.17200270116276273,0.1684311732605804,0.3619813136095529,0.5164498852333589,transitional
2020-06-09,0.17088564896066216,0.20042141025350904,0.39292164734502494,0.5940366972477064,transitional
2020-06-10,0.16727508238344305,0.22579026149295572,0.3978757384256517,0.6447669977081741,transitional
2020-06-11,0.168616557299251,0.24380714511294133,0.41751868105487,0.7038167938931298,transitional
2020-06-12,0.13918627989452068,0.12606164300289552,0.3848149035439307,0.47012458682939234,calm
2020-06-15,0.1373100607085498,0.1379852609131044,0.37792395499696796,0.4806910569105691,calm
2020-06-16,0.13568810150419885,0.13923956032271018,0.38904228725409895,0.49504950495049505,transitional
2020-06-17,0.12777481519260664,0.14222126413865016,0.439458062295192,0.5930999492643328,transitional
2020-06-18,0.11069902728268628,0.10665461965172444,0.38864683274862927,0.44866920152091255,calm
2020-06-19,0.10875087516665505,0.12354996742065175,0.3890315925644898,0.4716312056737588,calm
2020-06-22,0.10097422357010065,0.0981733106753551,0.3894705434043775,0.44140723867375353,calm
2020-06-23,0.10097596089185841,0.10701627464745504,0.4169768015681569,0.5116337885685381,transitional
2020-06-24,0.10124869390854961,0.11163060231651403,0.4267442652113458,0.533737680060652,transitional
2020-06-25,0.09792074657793667,0.10534011882795624,0.42929037699577355,0.5280303030303031,transitional
2020-06-26,0.0964801001985912,0.11212537122393988,0.42494598229281294,0.5319202624274539,transitional
2020-06-29,0.09495112927854339,0.10679377101513865,0.4261820517297018,0.5254664649520927,transitional
2020-06-30,0.09405089306743385,0.10488032429042664,0.42581794961530817,0.5217939027462838,transitional
2020-07-01,0.08237171433121754,0.07137513093512157,0.43108632819599,0.48741188318227585,calm
2020-07-02,0.08226893012130583,0.0738269590419053,0.4313403516882705,0.49182389937106924,calm
2020-07-06,0.0814880276812246,0.08152554276926699,0.42709447868858036,0.5010055304172951,transitional
2020-07-07,0.07191669279404374,0.05380481501203714,0.42715192709707955,0.4501381562421502,calm
2020-07-08,0.07186895957998744,0.0629433082551027,0.4314969665749259,0.4636044176706828,calm
2020-07-09,0.07036056838092795,0.06381992692374487,0.4330312612488146,0.4667669927263607,calm
2020-07-10,0.07033468180619652,0.07272363961508185,0.43336899280685937,0.4814536340852131,calm
2020-07-13,0.07064641190671184,0.07671563815169713,0.43537059973077075,0.4936138241923366,calm
2020-07-14,0.07112254597690008,0.08833074080520338,0.42504268417508984,0.4952452452452452,transitional
2020-07-15,0.07079022694075583,0.09152909967357946,0.4194192062252152,0.48937234308577143,calm
2020-07-16,0.06874114409559967,0.08511704897561359,0.4117041064518895,0.46101949025487254,calm
2020-07-17,0.06779997671420639,0.08854981379599179,0.4177180565326109,0.4764044943820225,calm
2020-07-20,0.06794099855016789,0.08964146443009449,0.41657170740510024,0.4740518962075848,calm
2020-07-21,0.06825118280696342,0.09278919544831872,0.41484848861947843,0.475193218648716,calm
2020-07-22,0.06841132913710476,0.0972370198488335,0.4133148308511688,0.47633283507722973,calm
2020-07-23,0.06842195056790491,0.09661597928607572,0.4180154647382434,0.4864326611899427,calm
2020-07-24,0.06733915663500838,0.09265531093693997,0.4167554156178237,0.47462686567164175,calm
2020-07-27,0.06580353803618069,0.09010348367442811,0.42068306559564334,0.4780014914243102,calm
2020-07-28,0.06473821973149765,0.089843964698089,0.4095543111443606,0.44709388971684055,calm
2020-07-29,0.06517085193933216,0.09258501232036757,0.4125201672585061,0.45966741126830474,calm
2020-07-30,0.06519134034674531,0.08831857399039321,0.40895977037956055,0.44419642857142855,calm
2020-07-31,0.05998240714628174,0.0435390907233679,0.42397710104744896,0.3620817843866171,calm
2020-08-03,0.057716830844342634,0.03136860172572717,0.43082408074077927,0.34150569588905405,calm
2020-08-04,0.058845299673201484,0.03780476200044068,0.43112036470877796,0.35313041326404354,calm
2020-08-05,0.056860290174475775,0.01792055330043658,0.43579381820203905,0.33184965380811077,calm
2020-08-06,0.057515572411076125,0.03335156476249325,0.4409509109076327,0.35507783543365457,calm
2020-08-07,0.059615635460913,0.05579843107733812,0.43324803659729666,0.38691358024691364,calm
2020-08-10,0.05856704602958218,0.049381315882045695,0.438121953211474,0.3691093017517888,calm
2020-08-11,0.06931792992993939,0.09802061324891473,0.43322658683311266,0.5170118343195266,transitional
2020-08-12,0.06941581646364169,0.11135468168611411,0.41328516711313423,0.497659522049766,transitional
2020-08-13,0.06941927874508769,0.10030476821147294,0.4078982179426598,0.4714426390940423,calm
2020-08-14,0.06896507836173699,0.10350121227287071,0.411493445056459,0.48191881918819185,calm
2020-08-17,0.06886032878123208,0.10315639384578752,0.41016115162890926,0.47664700098328416,calm
2020-08-18,0.06954859789127638,0.11088424572668931,0.4051255485448526,0.47654139032178827,calm
2020-08-19,0.07394143694383536,0.1464270771191832,0.4048831099008656,0.531173294059892,transitional
2020-08-20,0.07463499213773854,0.15860323787725042,0.4083756451001051,0.5587441746382144,transitional
2020-08-21,0.07482550614153446,0.1537639174077941,0.40583656379319305,0.5455882352941176,transitional
2020-08-24,0.07430160535709754,0.14853014223166688,0.4052215255529662,0.5341660543717854,transitional
2020-08-25,0.07429362223546226,0.15108563342460685,0.4034186470535096,0.5337738619676946,transitional
2020-08-26,0.07464584881788715,0.15294495221947574,0.40438911986985276,0.5397407679139153,transitional
2020-08-27,0.0760853760439166,0.17161581093644998,0.4015239369593501,0.5645161290322581,transitional
2020-08-28,0.07691984379792532,0.17412707247502074,0.40788074587362,0.5851037851037851,transitional
2020-08-31,0.07693404267773667,0.1874615806243604,0.4123559146407939,0.6203025866276232,transitional
2020-09-01,0.07661280667363624,0.18547756595978068,0.4075529766847216,0.6018044379419654,transitional
2020-09-02,0.07662377667025558,0.18275595707742043,0.4017710158478041,0.5833333333333333,transitional
2020-09-03,0.07882971404652321,0.1850044768550159,0.41186205206784166,0.623082542001461,transitional
2020-09-04,0.07393448936341786,0.19394651343565283,0.36870153856810006,0.5459854014598541,transitional
2020-09-08,0.07675829252358844,0.19683740118901935,0.3720589772494705,0.5562849501580355,transitional
2020-09-09,0.07677841828954496,0.20211286479584661,0.3744762686377094,0.56511175898931,transitional
2020-09-10,0.07813418760749115,0.20727869052481096,0.37991228989820236,0.5846079145423647,transitional
2020-09-11,0.07809694345664246,0.2079504254894667,0.37971315706069914,0.5844250363901019,transitional
2020-09-14,0.07866776182524943,0.21872346121819888,0.38765098512638363,0.6145454545454545,transitional
2020-09-15,0.07866035619889102,0.22043294430720545,0.3895639584473794,0.6184593023255814,transitional
2020-09-16,0.07840119239227819,0.2197980510342031,0.38913160112963113,0.6172839506172839,transitional
2020-09-17,0.07861220387356233,0.22196076970329726,0.3906794002173154,0.6226415094339622,transitional
2020-09-18,0.07796828631434338,0.23072775002717352,0.393165806317816,0.6294416243654822,transitional
2020-09-21,0.07953786678971532,0.23307061068865206,0.3971366433940464,0.6490338164251208,transitional
2020-09-22,0.07920162742016307,0.24201758368815246,0.40248920215062634,0.6657011827178373,transitional
2020-09-23,0.08236653851530186,0.25812431992250595,0.4181132851352937,0.7204534491075737,stressed
2020-09-24,0.08196759497462734,0.2571178766885194,0.4157304663936858,0.7134249216678717,stressed
2020-09-25,0.08198390394738576,0.2559193343653853,0.41435971408926586,0.7092967244701348,stressed
2020-09-28,0.08305215561177169,0.26084968553778987,0.42008808439017326,0.7285198555956679,stressed
2020-09-29,0.08266376036120951,0.26033861145095255,0.41851804123575476,0.7231842231842233,stressed
2020-09-30,0.08253909499544713,0.26034279641008645,0.4188987338411802,0.7250660898822399,stressed
2020-10-01,0.08266333453885477,0.26290466094794873,0.42080483995555246,0.7307877041306435,stressed
2020-10-02,0.08271325360574298,0.26799846213756434,0.4249022419643624,0.7403407727381809,stressed
2020-10-05,0.08271660395695934,0.254407940584323,0.4164063905872624,0.7105515587529977,stressed
2020-10-06,0.08338272599501866,0.25396563692120167,0.4172496365806682,0.7129163671219746,stressed
2020-10-07,0.08294097429152521,0.2491250726492198,0.4138731260773617,0.7001915708812261,transitional
2020-10-08,0.08326038886718576,0.25319434269132696,0.41580286450207354,0.708303421871261,stressed
2020-10-09,0.08443674201454204,0.2636585301241333,0.4247942581737424,0.7379244380679101,stressed
2020-10-12,0.08478947803596328,0.2646588796884236,0.42442934272629274,0.7383512544802867,stressed
2020-10-13,0.08505124028202773,0.25671734337853297,0.4213700154052815,0.7261222540592168,stressed
2020-10-14,0.08465017756106695,0.2533271860041538,0.4181859734455612,0.7141493676926748,stressed
2020-10-15,0.08408326667442041,0.24950519607518232,0.4147069931337412,0.7007629947544111,transitional
2020-10-16,0.08407951482525135,0.25497749446566303,0.41859197885074056,0.7164641410531333,stressed
2020-10-19,0.08447166300009884,0.2578457527607142,0.42059954902968005,0.7254761904761905,stressed
2020-10-20,0.08375217850065782,0.26138750958053925,0.4236929470629219,0.7325719724006662,stressed
2020-10-21,0.08386470491297948,0.25542845361580635,0.41933365104143666,0.719210651450309,stressed
2020-10-22,0.08355854133802086,0.25497376575523556,0.41702233532788646,0.7101449275362319,stressed
2020-10-23,0.08362954988370874,0.2578978386782088,0.4194811760163852,0.7224596391263058,stressed
2020-10-26,0.08334710424493229,0.2482848128097955,0.4123211929221608,0.6903914590747332,transitional
2020-10-27,0.0835169935201006,0.24997745331808843,0.41304577201994996,0.6944049312470365,transitional
2020-10-28,0.08535049338833696,0.25349040389258704,0.41935414714176716,0.7183131959251363,stressed
2020-10-29,0.085285631728942,0.25541128662374935,0.4196609204982629,0.7220643939393939,stressed
2020-10-30,0.0842342900851866,0.24521121715015132,0.41098746375467426,0.6827537260468417,transitional
2020-11-02,0.08458329685430822,0.24544554020606912,0.4109396409812768,0.6832151300236405,transitional
2020-11-03,0.08545222266635924,0.24631066513913327,0.4134186097903988,0.6935979210961493,transitional
2020-11-04,0.08196763301067053,0.23706858745965254,0.4055839501685583,0.6574598677998111,transitional
2020-11-05,0.08564200294829515,0.2590726001177034,0.424973026417004,0.7374380750176929,stressed
2020-11-06,0.08583391235492525,0.28172283051409963,0.4443371931839759,0.785007072135785,stressed
2020-11-09,0.08931274962944084,0.2818929769542178,0.43942977328067795,0.7738515901060071,stressed
2020-11-10,0.08832702820616356,0.2776801503220635,0.4362673334263025,0.7645951035781544,stressed
2020-11-11,0.08740519818325071,0.2693525991513721,0.4304087073935405,0.7508821453775583,stressed
2020-11-12,0.0845548272279355,0.2489281176260143,0.41653412633149683,0.7000470145745181,transitional
2020-11-13,0.08424934311201682,0.2429043026379453,0.413160231441845,0.6847545219638244,transitional
2020-11-16,0.08437782440033781,0.24737532834697226,0.41649525694980266,0.6969483568075118,transitional
2020-11-17,0.08440068421271343,0.24731568324200154,0.4160563538424647,0.6957541637344593,transitional
2020-11-18,0.08454045015532527,0.2492498058732524,0.41752812237325343,0.7048757618377871,transitional
2020-11-19,0.08417861864470758,0.24918551082604767,0.4167321183361711,0.6999297259311316,transitional
2020-11-20,0.0828889116941327,0.24003030642626216,0.41118287386551383,0.6708801498127341,transitional
2020-11-23,0.08167503014612863,0.2281859079203838,0.40044860041284547,0.6306432748538011,transitional
2020-11-24,0.08160809233581467,0.2215412532022863,0.3954125348183032,0.6122019635343618,transitional
2020-11-25,0.0806363830407842,0.2149511109583016,0.391104709000226,0.5963559915907498,transitional
2020-11-27,0.08045214670928591,0.21471150905006026,0.3918986966712152,0.5964052287581699,transitional
2020-11-30,0.07821756451515373,0.21002813001133921,0.38688898991081083,0.5770935386050852,transitional
2020-12-01,0.07736447257975307,0.1915663425167502,0.38026064387448616,0.5368298368298369,transitional
2020-12-02,0.0751080610579708,0.19435422835236074,0.3782545760555149,0.5336594456091311,transitional
2020-12-03,0.07499365811008993,0.2015899231882651,0.3815758041026504,0.5456238361266295,transitional
2020-12-04,0.07414942175646097,0.2048635107482475,0.38291502090156565,0.5496627122586648,transitional
2020-12-07,0.07447712505520372,0.19980993381188333,0.3794059638169182,0.5385867038586704,transitional
2020-12-08,0.07372089234693525,0.19376178744284092,0.3748312257669421,0.527061556329849,transitional
2020-12-09,0.07479305924857238,0.19543518579617636,0.3779353098028247,0.5341225626740947,transitional
2020-12-10,0.07480518852828692,0.1893373352811775,0.3744965422619971,0.5249362096961262,transitional
2020-12-11,0.07467448039721498,0.18848969413425581,0.37455593540953613,0.5241075567918405,transitional
2020-12-14,0.07427226642493888,0.18293732267567506,0.3736928919817392,0.5130877924484596,transitional
2020-12-15,0.07403270042435976,0.185094515787133,0.3760241330991324,0.5187499999999999,transitional
2020-12-16,0.07404021097861861,0.18644762622128372,0.3758436843832753,0.5207032153597039,transitional
2020-12-17,0.07082128207558915,0.17314718507807114,0.3718280040670863,0.4923717059639389,calm
2020-12-18,0.07115304064609068,0.1781648198015237,0.37494718596254445,0.5035805035805035,transitional
2020-12-21,0.07117826571174198,0.18056910687406516,0.3736006071860747,0.5060018467220683,transitional
2020-12-22,0.06999752883845752,0.1684373687973737,0.3746034864371032,0.4853517877739331,calm
2020-12-23,0.07010345355630059,0.16769307614335308,0.37489392000893573,0.4843245735361918,calm
2020-12-24,0.07034962011723331,0.17249540699985758,0.3751235662091676,0.49504722414190283,transitional
2020-12-28,0.07006059202965462,0.1699199801693396,0.3739030078659241,0.4859576427255985,calm
2020-12-29,0.06987110012874412,0.170176664378724,0.3736015659075507,0.4858523119392684,calm
2020-12-30,0.07030185837349888,0.18527479133102148,0.37928656782975767,0.5195402298850574,transitional
2020-12-31,0.0693490298171532,0.1832340520925916,0.381583962114219,0.5159660004594533,transitional
2021-01-04,0.06939068239882638,0.17620442211107457,0.3745947622068565,0.49563820018365473,transitional
2021-01-05,0.06896765911429419,0.16970367959356408,0.372400740494926,0.47923835742142695,calm
2021-01-06,0.06963811132399532,0.17190394090316974,0.38173978253762253,0.5000000000000001,transitional
2021-01-07,0.06900462533831368,0.16557731890761593,0.38181246230738525,0.4849942726231386,calm
2021-01-08,0.06951232524041671,0.15911258701071768,0.3854123919474411,0.4819139194139194,calm
2021-01-11,0.0699158256540171,0.16370748049357883,0.3839055343756088,0.48798901853122856,calm
2021-01-12,0.070168181186185,0.16618669290675214,0.3839979092627065,0.49314128943758573,calm
2021-01-13,0.07031220168678062,0.16049447294383729,0.3828916523159804,0.48183687457162444,calm
2021-01-14,0.07002827877026482,0.1576768752302809,0.38384443430916737,0.4792237442922374,calm
2021-01-15,0.07070038538251491,0.1592041875342063,0.38388855394246724,0.4841432808578599,calm
2021-01-19,0.07109485147486419,0.16913209068799745,0.38493820962546715,0.5034199726402188,transitional
2021-01-20,0.07154352106974193,0.16669052449152982,0.383838875971725,0.49715197083618134,transitional
2021-01-21,0.07155719782721286,0.16489386379402,0.3846593743830118,0.49635701275045535,transitional
2021-01-22,0.07169014697945754,0.1733194060307593,0.38464884891315676,0.5128555176336747,transitional
2021-01-25,0.07194471507833115,0.1742041028057673,0.3855985061418452,0.5163710777626194,transitional
2021-01-26,0.06710421767323838,0.14886084646403772,0.3881092270464038,0.46080436264485347,calm
2021-01-27,0.06862722721449595,0.1551569048905781,0.3875994677406423,0.4763851044504996,calm
2021-01-28,0.06801121572808277,0.15104650020444638,0.38894488586549797,0.4685727252098934,calm
2021-01-29,0.06847495524516922,0.15531168224161648,0.3848344396400888,0.4714285714285715,calm
2021-02-01,0.06844610789662556,0.15334161842464133,0.3868697345195601,0.4704282800815771,calm
2021-02-02,0.06490097232458426,0.13596390241920817,0.3924258702175862,0.4429347826086956,calm
2021-02-03,0.06023873569100255,0.10172465171697502,0.3997020867018667,0.3688617334238516,calm
2021-02-04,0.06008262053728142,0.09492994247873814,0.4002251990490534,0.3609226594301221,calm
2021-02-05,0.05464632978836746,0.0744216185279655,0.3830973327144376,0.24112994350282482,calm
2021-02-08,0.0555817494863778,0.08392716160909762,0.3802678138015803,0.25971093044263777,calm
2021-02-09,0.055599676190743304,0.08402711861102105,0.3797233359888077,0.2593094109681788,calm
2021-02-10,0.055716258816332374,0.09857232193991011,0.36624769600424584,0.2607126747857465,calm
2021-02-11,0.055202525844247535,0.0957434735576652,0.36676857586974626,0.25445120576966423,calm
2021-02-12,0.05517793414764754,0.0942743198402354,0.3725020655490472,0.259009009009009,calm
2021-02-16,0.056827539289576255,0.10290646308870166,0.3792957563355167,0.2934953860004501,calm
2021-02-17,0.0566432735334835,0.09952310727193033,0.3804562529533976,0.2894736842105263,calm
2021-02-18,0.05636411915732152,0.09540400801776139,0.38147975397137923,0.28298494043605305,calm
2021-02-19,0.05669922445340412,0.09879390786063148,0.38454477813235965,0.2969451931716082,calm
2021-02-22,0.05639075174122838,0.0953043664641575,0.3850875572121987,0.291358024691358,calm
2021-02-23,0.05629562612468132,0.1031943200957467,0.38293742289724003,0.29385374607447284,calm
2021-02-24,0.05636375316518347,0.10204608364360632,0.3810929770237178,0.2902936561309124,calm
2021-02-25,0.06600938064294545,0.1990027506340366,0.3855626063849551,0.53584229390681,transitional
2021-02-26,0.06616528171189234,0.1537914053385244,0.3788383853161871,0.45444369823147523,calm
2021-03-01,0.06570042546735877,0.1516193552159225,0.37185514331170416,0.4375838926174496,calm
2021-03-02,0.06567127738197363,0.15106176598730295,0.3726404049065215,0.4384082271406215,calm
2021-03-03,0.06686903810014762,0.15771716579951017,0.37695183161573204,0.4600089365504915,calm
2021-03-04,0.068576163479084,0.17552213164120217,0.3799778432280631,0.5001116320607278,transitional
2021-03-05,0.06850094028681726,0.1755416144514585,0.3796190452503892,0.499107541276216,transitional
2021-03-08,0.06954485671550609,0.18454415394282006,0.3812051731576867,0.5239687848383501,transitional
2021-03-09,0.07374496104350449,0.21974671934642256,0.3975759585102454,0.6149732620320855,transitional
2021-03-10,0.07428770906386921,0.23275746701582292,0.4040349128867322,0.6435092407036295,transitional
2021-03-11,0.07437791875577662,0.23499236055466682,0.40420380467788897,0.6461949265687583,transitional
2021-03-12,0.07568800269319881,0.2441840370982807,0.40918532518075407,0.6677785190126752,transitional
2021-03-15,0.07447779102738415,0.23367730069606804,0.40529205634259524,0.6486666666666666,transitional
2021-03-16,0.07439490286603903,0.23338479238223409,0.4051989635123961,0.6473462136353542,transitional
2021-03-17,0.07392500479564199,0.22894137392293148,0.40238053927089124,0.6333777185974256,transitional
2021-03-18,0.075275350621864,0.23878377511020293,0.40919166208437985,0.6644488800177423,transitional
2021-03-19,0.07534174701136304,0.23653160095646086,0.40892247986467284,0.661790780141844,transitional
2021-03-22,0.07593278857754,0.24363386790911448,0.41462334066411255,0.6839424141749723,transitional
2021-03-23,0.07577202921036662,0.2370141190547077,0.4091920938415774,0.6631252766710934,transitional
2021-03-24,0.07530373439307986,0.22830203097779403,0.4041799082816719,0.6403450564034506,transitional
2021-03-25,0.07530051250352765,0.23188603675374977,0.40466895040233986,0.6445623342175066,transitional
2021-03-26,0.07576526028443346,0.23276726440030782,0.4043229679856711,0.6456814667550254,transitional
2021-03-29,0.0756170953073356,0.2308486894091779,0.40344966898568185,0.6399558498896247,transitional
2021-03-30,0.07533346539925942,0.22158584256738564,0.39742069900645743,0.6174718729318333,transitional
2021-03-31,0.07601129845361149,0.24020152890773372,0.40481329406095656,0.6549823633156967,transitional
2021-04-01,0.07910095058714409,0.26396446719500233,0.42225693679078574,0.7409120951751488,stressed
2021-04-05,0.0777356199698915,0.2540357485825752,0.4141080913772317,0.7014531043593131,transitional
2021-04-06,0.07804321320647027,0.25094100706144695,0.4142896528074222,0.7005500550055005,transitional
2021-04-07,0.07728180101635039,0.26422652414150904,0.4222932672448709,0.7326297273526826,stressed
2021-04-08,0.07788463488199872,0.26599715976306865,0.42467445014110344,0.7409360580092287,stressed
2021-04-09,0.0774854413143587,0.26339556404911935,0.4228649418039604,0.7321036451471233,stressed
2021-04-12,0.07719989068744317,0.26832197793144613,0.4262907440788809,0.7414965986394558,stressed
2021-04-13,0.07772081153889805,0.27633102001374626,0.43107014823887974,0.7539473684210526,stressed
2021-04-14,0.07730867890269341,0.27862187831732343,0.4343331695080867,0.7593688362919132,stressed
2021-04-15,0.07940677111455337,0.28628884555579925,0.442514703523544,0.7844940867279894,stressed
2021-04-16,0.07818408686948447,0.276908336966914,0.43572238210669645,0.7638432917487415,stressed
2021-04-19,0.07817166866301767,0.2718798870857305,0.43443380258886477,0.7596237970253719,stressed
2021-04-20,0.07800309384718962,0.2680267912372183,0.43264560123652973,0.7512568306010929,stressed
2021-04-21,0.07821372187311486,0.27020247706922573,0.4347650475531188,0.7590650939274792,stressed
2021-04-22,0.07848954755976444,0.26958233264318104,0.4325512469538134,0.7555118969657281,stressed
2021-04-23,0.0773633656918514,0.2699552859549095,0.4346987344815516,0.7521815008726004,stressed
2021-04-26,0.07734405736687541,0.27149477962699686,0.43603319061444906,0.7547416612164813,stressed
2021-04-27,0.07660775548264169,0.27256853516486335,0.43751241914730893,0.7531590413943355,stressed
2021-04-28,0.07585399225513009,0.2746230339348341,0.43641035656213556,0.751796211626388,stressed
2021-04-29,0.07580555792617448,0.28087032355222835,0.4409385171076706,0.7634899912967797,stressed
2021-04-30,0.07585924950057185,0.27537644574177206,0.43713343003542854,0.7525549032398348,stressed
2021-05-03,0.07648377840954072,0.29353282105640277,0.4490102061095406,0.7890047805302043,stressed
2021-05-04,0.0764790632169286,0.29460133312580156,0.44975484788646775,0.7895765472312704,stressed
2021-05-05,0.07580036924722085,0.2916967972472066,0.44653307337463877,0.7799479166666666,stressed
2021-05-06,0.07660559829803497,0.2929416817028795,0.44850081898282884,0.7872478854912166,stressed
2021-05-07,0.07681662302358412,0.29328136248819464,0.448187035374608,0.788036410923277,stressed
2021-05-10,0.07671526470661034,0.2801930999750356,0.44281921811696945,0.7671648256443578,stressed
2021-05-11,0.0769115874885463,0.2833012887703441,0.445493183669681,0.779004329004329,stressed
2021-05-12,0.07883534860526457,0.30650638776103506,0.45758679161689714,0.81959766385464,stressed
2021-05-13,0.07931982517675061,0.31567611426857306,0.4657428521182697,0.8350626891482923,stressed
2021-05-14,0.08118900977491338,0.33411046496415636,0.4784241630156446,0.860445020522791,stressed
2021-05-17,0.08093728757878692,0.33510271001314873,0.478872928279354,0.8605354058721936,stressed
2021-05-18,0.08103577621750631,0.34485755038318133,0.48731638324426807,0.8737864077669903,stressed
2021-05-19,0.08119435539755193,0.34708929089590096,0.4887057261803379,0.8749460974558,stressed
2021-05-20,0.08238218160203749,0.35989422167270185,0.4982005968039629,0.8864468864468865,stressed
2021-05-21,0.07430461635759841,0.2963667183858974,0.4505255650705932,0.7799310938845823,stressed
2021-05-24,0.07451691756848204,0.3730437575416753,0.5172089615743397,0.8773402194964494,stressed
2021-05-25,0.07474322887923295,0.3912225965861305,0.5330585641165476,0.8926881720430108,stressed
2021-05-26,0.07478107069545818,0.395643436216825,0.5359781090869462,0.8949065119277885,stressed
2021-05-27,0.07223826965263387,0.37614310532147793,0.5206629214597962,0.8765034364261167,stressed
2021-05-28,0.0696946532968506,0.35444363169139187,0.5060979308162356,0.8534020176003434,stressed
2021-06-01,0.06963832805809655,0.36538634636950584,0.5132415734486094,0.8588588588588588,stressed
2021-06-02,0.06780138413942513,0.35334653571014984,0.5044185374731807,0.8420150053590568,stressed
2021-06-03,0.06547607481627635,0.32830643437545703,0.4846930383864734,0.8116966580976864,stressed
2021-06-04,0.06729904451565112,0.3442398434096981,0.4961484387168694,0.8300149860843501,stressed
2021-06-07,0.06729588732323709,0.3493823340128712,0.5004484110389213,0.8356867779204108,stressed
2021-06-08,0.06523459816068972,0.34006089122749616,0.5002762885865301,0.8270258712850117,stressed
2021-06-09,0.06501710329079648,0.3351326627745894,0.49462527515794186,0.8192307692307693,stressed
2021-06-10,0.06538037992029325,0.3399483891581068,0.49692459615930196,0.8225496476617553,stressed
2021-06-11,0.0658110061573668,0.34491854188613963,0.5001881555534591,0.8309859154929576,stressed
2021-06-14,0.06379656898659529,0.3254867728504179,0.48648375601694543,0.8025165280443591,stressed
2021-06-15,0.06401423061541969,0.33062385035707276,0.48893463661293524,0.8064791133844843,stressed
2021-06-16,0.06533920224450669,0.3433903052044247,0.49578363775040596,0.8212992545260915,stressed
2021-06-17,0.06556466832140483,0.3101471813799987,0.46648578328541074,0.7747977862920391,stressed
2021-06-18,0.06561356286747072,0.28478838782556315,0.44431935801162575,0.7281429483088705,stressed
2021-06-21,0.06565799604493675,0.25815719561009365,0.4207904993353802,0.6668792517006802,transitional
2021-06-22,0.06536855776462065,0.263280026891594,0.42579902417275706,0.6783513915445082,transitional
2021-06-23,0.06436814274930212,0.2561408615441002,0.42128068184254125,0.6579617834394904,transitional
2021-06-24,0.06395164788376122,0.26229109440287257,0.4275352005297145,0.6721833227243793,transitional
2021-06-25,0.06381671217953036,0.2644991314773388,0.42900926217977026,0.6757845631891434,transitional
2021-06-28,0.061033239052908375,0.23705653712768876,0.41239107306690875,0.5766052129688494,transitional
2021-06-29,0.061153144684588365,0.24948215195254142,0.42186201412533453,0.613722998729352,transitional
2021-06-30,0.061021412446980956,0.2578036172268793,0.4240640646007883,0.6266666666666666,transitional
2021-07-01,0.06046086539799493,0.24866335050902783,0.4210624502945552,0.6051184433164128,transitional
2021-07-02,0.06056935270611131,0.2537768608550753,0.4210481901548017,0.6121327414922849,transitional
2021-07-06,0.06063413612279323,0.2524860676302488,0.42160267746667246,0.6125897760878749,transitional
2021-07-07,0.060915711192358224,0.25586597647213627,0.42342556789296404,0.6229681232847794,transitional
2021-07-08,0.060490014478664485,0.24932246456107188,0.41855681025262875,0.5989451476793249,transitional
2021-07-09,0.060223544845827134,0.23031151416618725,0.4061902716023287,0.5437486822686063,transitional
2021-07-12,0.057012996538545795,0.20654808591473534,0.4120910848546642,0.4964180362410451,transitional
2021-07-13,0.057656118212172064,0.22545784177272185,0.39905280825038775,0.4954727311012845,transitional
2021-07-14,0.05884185593727675,0.24898097943864034,0.40782478449063214,0.5496632996632996,transitional
2021-07-15,0.05884724641004338,0.2490539664877282,0.40897768983423827,0.5535226077812828,transitional
2021-07-16,0.05929112005727049,0.25571069777633404,0.4139856736695588,0.5846994535519126,transitional
2021-07-19,0.05881028882462958,0.2255537297060711,0.4112915597473044,0.5358118042428062,transitional
2021-07-20,0.0587676210124829,0.21978074355424856,0.4087672159982805,0.5216204869857263,transitional
2021-07-21,0.05884516888605027,0.20840432792394656,0.4145851672063077,0.5246486259702119,transitional
2021-07-22,0.05881811066944306,0.21069113653317148,0.41196399001977124,0.520545073375262,transitional
2021-07-23,0.058824112058593225,0.20724838485556005,0.4108069735489612,0.5089042530902996,transitional
2021-07-26,0.05880606451881668,0.20498025121348662,0.41187706467007956,0.5094221105527638,transitional
2021-07-27,0.0585583676095912,0.20566278334959573,0.40517075621191306,0.48796819418288345,calm
2021-07-28,0.057906446398430296,0.20162630265228554,0.40654854552591496,0.48201589293182767,calm
2021-07-29,0.0578341535763369,0.1962695785278477,0.412332106561615,0.4934169278996865,calm
2021-07-30,0.05813757390368919,0.19668381326505746,0.4156864372023763,0.5041771094402674,transitional
2021-08-02,0.057268687749731526,0.1947971405978532,0.41949950967320704,0.5046963055729493,transitional
2021-08-03,0.056961616903375714,0.19563701459788768,0.4135883491855498,0.483729662077597,calm
2021-08-04,0.05665352678838943,0.2122685090870397,0.41665213385851496,0.5136543673129039,transitional
2021-08-05,0.05609811716556023,0.20411077659267468,0.4249364651601229,0.5127083333333333,transitional
2021-08-06,0.05583279109608809,0.1876191173672774,0.4320208016498311,0.499687695190506,transitional
2021-08-09,0.05680079167914441,0.19335087789593255,0.43192690935656375,0.5160216396171452,transitional
2021-08-10,0.054354453137114914,0.16815657919498042,0.4472294154315048,0.4809731752963194,calm
2021-08-11,0.054780496218262066,0.1738112689705969,0.4479172292240038,0.5002078137988363,transitional
2021-08-12,0.05461554373571822,0.17596684604719987,0.45447617821714914,0.5119418483904465,transitional
2021-08-13,0.05692186010477291,0.1930860703313772,0.44737023476461996,0.5498132004981319,transitional
2021-08-16,0.055318846753035465,0.17126599788884844,0.46273023358497417,0.5245799626633478,transitional
2021-08-17,0.05590895962643667,0.17884437069364928,0.45683263721925516,0.533167495854063,transitional
2021-08-18,0.05554685671983343,0.17155499458996076,0.4558828190758327,0.5164698570540708,transitional
2021-08-19,0.05508864454950413,0.16479597948940589,0.45531536552233154,0.4993788819875777,transitional
2021-08-20,0.05515790108829298,0.16486614591115228,0.45430589533275284,0.4986550796606662,transitional
2021-08-23,0.056275134516883554,0.17714665356588005,0.45413788052068643,0.531844499586435,transitional
2021-08-24,0.05643347926230023,0.17748178224345032,0.45438307321797183,0.5344079355238686,transitional
2021-08-25,0.05668356030956181,0.17527737119859033,0.4557579750039215,0.5357290375877736,transitional
2021-08-26,0.05662705625168203,0.17448939287299914,0.45536366392083877,0.5335397316821465,transitional
2021-08-27,0.05685635847684999,0.18094766831139258,0.45179409863255354,0.5429042904290429,transitional
2021-08-30,0.054042822403596244,0.1516259492571695,0.46792015046708246,0.4836116264687693,calm
2021-08-31,0.05423796807735436,0.1541291671109392,0.46599965870756027,0.49011124845488263,calm
2021-09-01,0.054228602950570526,0.1560490758471357,0.4644313277274474,0.4877496396952852,calm
2021-09-02,0.054341725447549165,0.15994369116268564,0.4591268476845439,0.4866255144032922,calm
2021-09-03,0.05357928625287668,0.14370331405087308,0.46611798113444897,0.462882994036603,calm
2021-09-07,0.056165479091859705,0.1685549172751441,0.4553610458181435,0.5168516235100699,transitional
2021-09-08,0.05581660435631409,0.16617180096366185,0.45626919741837096,0.5097555966317519,transitional
2021-09-09,0.05639856694705685,0.16803393707670042,0.45204182343047067,0.5125205254515599,transitional
2021-09-10,0.05575581998808113,0.16324640901490528,0.44841649222501634,0.4888205128205128,calm
2021-09-13,0.0554955868092218,0.19932277270901205,0.44739498242533227,0.5397703977039771,transitional
2021-09-14,0.0556782791231653,0.21641749983029213,0.4460605443030177,0.5658676500717066,transitional
2021-09-15,0.055526618224386,0.2411607656893479,0.4619149404425775,0.6179361179361179,transitional
2021-09-16,0.057495983426249536,0.24750323618921172,0.46295641408216404,0.6537753222836096,transitional
2021-09-17,0.05825828991673152,0.2573636619933026,0.4629875154985581,0.6750511247443763,transitional
2021-09-20,0.058206785575002605,0.24092071334090712,0.46604268730909504,0.6591048436542,transitional
2021-09-21,0.05805041651435701,0.24195189915962362,0.4669672620234663,0.6601307189542484,transitional
2021-09-22,0.0579231950716469,0.2398216094141384,0.46551690311346183,0.6540110226576853,transitional
2021-09-23,0.05854103252703502,0.21317678969891504,0.4800870098054916,0.6597307221542228,transitional
2021-09-24,0.058825379409765274,0.21574724477592974,0.4789825369977659,0.6636085626911316,transitional
2021-09-27,0.0588380303270246,0.21820783082903725,0.4788021742956745,0.6662591687041565,transitional
2021-09-28,0.06408504844764742,0.2771448991980171,0.47256609082019924,0.7762166564854409,stressed
2021-09-29,0.06383246218983414,0.2759754949065013,0.4715239178446414,0.7702482702482704,stressed
2021-09-30,0.06333444322112615,0.25597354545872897,0.46199463843250355,0.727069351230425,stressed
2021-10-01,0.06509296813230257,0.2748803410010174,0.46343564693164113,0.7609756097560975,stressed
2021-10-04,0.06513108192857432,0.2841279238044657,0.4714227590993095,0.7824497257769653,stressed
2021-10-05,0.06518375420585674,0.27746216023268955,0.4712274992280644,0.7777101096224116,stressed
2021-10-06,0.06493286186405446,0.2738868706827519,0.4704796818821708,0.7721647392980321,stressed
2021-10-07,0.06361881519583927,0.2573029754526517,0.46402877114461794,0.7335766423357665,stressed
2021-10-08,0.06367738477990012,0.2601077534738792,0.46398133915639844,0.7375886524822696,stressed
2021-10-11,0.06320139450886487,0.2570365967305087,0.4638842549034571,0.7274200081004456,stressed
2021-10-12,0.06408865569221528,0.28730426746922416,0.4775218505047881,0.7891115158874721,stressed
2021-10-13,0.06638440291866107,0.3107152842322455,0.4887935328697521,0.8258495145631067,stressed
2021-10-14,0.06743038246313161,0.3309895320716235,0.4982934870930521,0.8394986860723671,stressed
2021-10-15,0.06706362159710055,0.31514335324169523,0.49042074040282796,0.8284848484848485,stressed
2021-10-18,0.06708052890637292,0.31799732091970506,0.4903008814826586,0.8283868362608521,stressed
2021-10-19,0.06709593056138986,0.3080810943724194,0.4828425541622182,0.8169895076674738,stressed
2021-10-20,0.06677787952994305,0.3051514205902125,0.4769312033543984,0.8047993547086106,stressed
2021-10-21,0.06669237286571103,0.3044215957678597,0.476520338883452,0.8039097138250705,stressed
2021-10-22,0.06696101196186426,0.30676198766860446,0.4818841224320843,0.8147029204431018,stressed
2021-10-25,0.06698753839601554,0.31001744379391205,0.48490813579563813,0.820450885668277,stressed
2021-10-26,0.06695785979392065,0.3078717358968059,0.48137064187288436,0.8125125729229531,stressed
2021-10-27,0.06733599485285802,0.296583122319704,0.4761593883520233,0.8031765178930438,stressed
2021-10-28,0.06740906650878196,0.29519407378670126,0.47522762854542044,0.8018886879646373,stressed
2021-10-29,0.06756801358389593,0.29664011157888576,0.475187448338065,0.8032128514056226,stressed
2021-11-01,0.06407763775647701,0.2799293980846406,0.45762584471925144,0.7409191250250853,stressed
2021-11-02,0.06294279871393767,0.27234341491614333,0.45196954897235075,0.7139991977537105,stressed
2021-11-03,0.06305565755610232,0.2646095665151004,0.4499570677732292,0.703547805171377,transitional
2021-11-04,0.06303527703067376,0.24392578982073715,0.4481273545529075,0.6734775641025642,transitional
2021-11-05,0.06479754839179824,0.25210972212244465,0.45546382651822126,0.7139139139139138,stressed
2021-11-08,0.06248907691062423,0.2330466019495434,0.44523554061900034,0.6492597038815525,transitional
2021-11-09,0.06276689036907428,0.23158805038428615,0.4453222348243717,0.6512697460507898,transitional
2021-11-10,0.0642676568164746,0.23434595923987217,0.4334878528743608,0.6482813749000799,transitional
2021-11-11,0.06420870655832363,0.23594432377057886,0.4327469920256853,0.646894347912922,transitional
2021-11-12,0.06427248207359358,0.24146803627374597,0.43497624975937277,0.656686626746507,transitional
2021-11-15,0.06489223593700072,0.24219388885961415,0.4353458713166134,0.6614801516058249,transitional
2021-11-16,0.0638942929441149,0.23208448797029568,0.43423248008834153,0.6415470494417863,transitional
2021-11-17,0.06448213485415476,0.23647846048663518,0.43802929264381957,0.6571030085674437,transitional
2021-11-18,0.06425949956228653,0.2375870796062111,0.43659515460121184,0.6547192353643966,transitional
2021-11-19,0.064172880469602,0.23067470130601989,0.4310377984826537,0.6350248756218906,transitional
2021-11-22,0.06522444991469992,0.23171802262412483,0.43577545724539196,0.6525457438345267,transitional
2021-11-23,0.06630391499134063,0.23557473858629613,0.4405815699189095,0.6732259988073942,transitional
2021-11-24,0.06668866424974192,0.2306848095811263,0.43822662763020903,0.6620977353992848,transitional
2021-11-26,0.0667870895946169,0.20135559863135058,0.43455026898699406,0.6184236648798888,transitional
2021-11-29,0.06661570691765414,0.1966967937729288,0.433967833966346,0.611111111111111,transitional
2021-11-30,0.06670985557590939,0.19298702506529108,0.4362564599145623,0.6089629188974817,transitional
2021-12-01,0.06440711980359701,0.17416163562665984,0.43289263754074564,0.5630202140309156,transitional
2021-12-02,0.06470493014351035,0.17593894433399138,0.43180248815409467,0.5644682115270351,transitional
2021-12-03,0.06428238175423023,0.16274510797237912,0.4354298931249861,0.5463182897862233,transitional
2021-12-06,0.06352113195447255,0.15146372116196571,0.44011361560245893,0.5303659742828882,transitional
2021-12-07,0.06356799201830046,0.14772875882501132,0.4376687238722842,0.5195729537366548,transitional
2021-12-08,0.06391547646528505,0.14829363402433451,0.4333078146192236,0.5161035368504249,transitional
2021-12-09,0.06400955235750051,0.1497260723668255,0.43044232393926607,0.5130331753554502,transitional
2021-12-10,0.06277347036602812,0.14719809065474357,0.4322395561700238,0.49832247878429053,transitional
2021-12-13,0.06214373939677704,0.13507468849643142,0.4379422438346222,0.48619329388560156,calm
2021-12-14,0.06285986396311881,0.14646769275870625,0.4297388721026896,0.49536763256455746,transitional
2021-12-15,0.06310109669056235,0.14739400516042325,0.4272541254365883,0.49625689519306543,transitional
2021-12-16,0.06301831905121265,0.14566594600931287,0.42861964427959925,0.4941917700334712,calm
2021-12-17,0.06239969513954294,0.15686445891263961,0.4164553971189114,0.4761904761904762,calm
2021-12-20,0.06321473777516391,0.16316202208396555,0.41556282670338623,0.4943952802359883,transitional
2021-12-21,0.06368273121106101,0.16607852321117558,0.4145757667661656,0.5031446540880503,transitional
2021-12-22,0.0581975455616949,0.11631854505222887,0.42324611415063174,0.3967786289530544,calm
2021-12-23,0.0579322176765012,0.11265097027161045,0.42486859846520025,0.39320769532783667,calm
2021-12-27,0.05849271967607379,0.12686392349477923,0.42790802545287204,0.4182852658426525,calm
2021-12-28,0.057175529809804684,0.11369448104774778,0.4352576281369353,0.4027450980392157,calm
2021-12-29,0.05730486453169489,0.11408919508880347,0.4400636656379653,0.41583382324123064,calm
2021-12-30,0.05748924500568839,0.11744944997364326,0.43811559493634533,0.41833137485311395,calm
2021-12-31,0.057427984552912315,0.11671520975047907,0.43732018515982474,0.41475826972010177,calm
2022-01-03,0.061156384107346924,0.14043121590673904,0.4416564607373531,0.4894366197183098,calm
2022-01-04,0.06089537742022112,0.1390331800758387,0.44133795890985095,0.48543499511241445,calm
2022-01-05,0.06206513749657666,0.14232102783729517,0.4355258433454702,0.49101211410707307,calm
2022-01-06,0.06155423260053299,0.1407775481061962,0.43105020862264815,0.47158758055067374,calm
2022-01-07,0.05936561876104972,0.11950894168741359,0.4287031509942888,0.4254488680718189,calm
2022-01-10,0.05819983093855498,0.1110073387193122,0.4337949482474326,0.40725570509069636,calm
2022-01-11,0.05965424958677484,0.13427332520097268,0.42532976535552947,0.4395711500974659,calm
2022-01-12,0.05968759227433836,0.1343898072454373,0.42610403755553306,0.44126241963763874,calm
2022-01-13,0.059701307223044696,0.13677020118065758,0.4246616903017547,0.4408099688473521,calm
2022-01-14,0.06090296703009823,0.14600015085283113,0.42674001585006477,0.46818447168709865,calm
2022-01-18,0.06415849673312984,0.17206349893525102,0.41929432797695926,0.5359782185919876,transitional
2022-01-19,0.0640582832566529,0.16874389468834985,0.4199523410160651,0.5298347910592808,transitional
2022-01-20,0.06398709991324295,0.16753260593545702,0.41979069907696986,0.5256410256410257,transitional
2022-01-21,0.06396971377774735,0.16099384896519964,0.42454217324798843,0.5235876528829353,transitional
2022-01-24,0.06338260949738989,0.16161616347155988,0.4211194787948517,0.5116414435389988,transitional
2022-01-25,0.06340530816869266,0.16113258986427922,0.419488892818695,0.5070777583866589,transitional
2022-01-26,0.06531414150124826,0.17632961467692332,0.4265291593297059,0.5684108527131783,transitional
2022-01-27,0.06530942163838015,0.165984672444168,0.4173178713283242,0.52643811737362,transitional
2022-01-28,0.06613157823325437,0.16958657620497786,0.417291171905286,0.5389082462253194,transitional
2022-01-31,0.06677315164026185,0.1785431716493556,0.4136825820176287,0.546720835751596,transitional
2022-02-01,0.06645709268762912,0.2021235773619799,0.41474480052366286,0.5812064965197216,transitional
2022-02-02,0.0650559543079832,0.1990258203958145,0.4095583893938275,0.5507246376811593,transitional
2022-02-03,0.06679060197288934,0.20575961666832301,0.4074478451173296,0.566821166473542,transitional
2022-02-04,0.06676788052563246,0.20351216726670507,0.407043010429359,0.5608955800038603,transitional
2022-02-07,0.06535688714609766,0.20482080057562033,0.4129551589830823,0.5721450617283951,transitional
2022-02-08,0.06538560229287356,0.20548267406165413,0.4132019016590121,0.5747059957586274,transitional
2022-02-09,0.06601239384781993,0.2074893863180085,0.41304734479542704,0.5830443159922928,transitional
2022-02-10,0.06834089444493141,0.21306689068136833,0.40968504023612623,0.5932986712882727,transitional
2022-02-11,0.06902388709094981,0.20455712170496604,0.42093659372861886,0.6148960739030023,transitional
2022-02-14,0.06864572199296838,0.19598323698564807,0.4120157419192602,0.574725908828621,transitional
2022-02-15,0.06855827362848288,0.19006313578523798,0.417166779962235,0.583044982698962,transitional
2022-02-16,0.0693602144363166,0.20463342512141977,0.4258372187106146,0.627281460134486,transitional
2022-02-17,0.06662922496848112,0.1815701188684271,0.4208952256072449,0.5716205837173579,transitional
2022-02-18,0.06564419211088986,0.17301055391029127,0.4144531095277741,0.531759739013625,transitional
2022-02-22,0.0651703696489551,0.17950418644348692,0.418314383880057,0.5502493287303415,transitional
2022-02-23,0.06677987742022727,0.20381520410137313,0.41550907327042075,0.5861606287138201,transitional
2022-02-24,0.06681218500144646,0.18780497864235224,0.4089232536534101,0.5459770114942529,transitional
2022-02-25,0.0676929796656052,0.19839854514556776,0.4128932680066967,0.575531303848363,transitional
2022-02-28,0.06994362052311344,0.2080898888398796,0.4229386107539981,0.6318407960199005,transitional
2022-03-01,0.0697459581076375,0.19083985743506984,0.427429889208727,0.615414037100784,transitional
2022-03-02,0.07080096436883643,0.17737402321037113,0.43941953576852905,0.6228975535168195,transitional
2022-03-03,0.07094550881171582,0.17561732812420738,0.4393633319379928,0.6192932187201529,transitional
2022-03-04,0.07110900393765403,0.1647359757620733,0.44571546441270343,0.6137838869797633,transitional
2022-03-07,0.07280222686856047,0.16917091763832845,0.428268145237426,0.5876741079946576,transitional
2022-03-08,0.07278415204259472,0.1562220997028571,0.4150944951575134,0.532418001525553,transitional
2022-03-09,0.07240316463679915,0.13100767282175113,0.41472095146070964,0.4938059843720221,calm
2022-03-10,0.07343385193020487,0.14539505449975312,0.4076516647331485,0.49180952380952375,calm
2022-03-11,0.07337155152819787,0.14495605912583448,0.40623528089566524,0.4882924043403769,calm
2022-03-14,0.07692104121956325,0.16467564711125818,0.41679095048545284,0.5635464231354642,transitional
2022-03-15,0.07704578105946294,0.15440438069808066,0.40422682212788963,0.5109336375736832,transitional
2022-03-16,0.08073456687504212,0.18630306079369213,0.4068337599684755,0.5853287723299125,transitional
2022-03-17,0.08058101590639513,0.1796122773011794,0.3987297500860102,0.5540360873694208,transitional
2022-03-18,0.08054114732844436,0.176763174823657,0.39583391248757543,0.5427107061503417,transitional
2022-03-21,0.08001959888101022,0.16223798950243337,0.39044328389264593,0.5057863782963384,transitional
2022-03-22,0.0799826382584463,0.1568060232140251,0.3901190847341162,0.4969662495259765,transitional
2022-03-23,0.07991148000072563,0.14655906524432524,0.394198822960928,0.4875876444949782,calm
2022-03-24,0.08017270056162037,0.1458131081714,0.39271389109963223,0.48295454545454547,calm
2022-03-25,0.08043567818341739,0.14826363990976638,0.3943695473500279,0.4910088964603445,calm
2022-03-28,0.07996037327251047,0.13659649637862376,0.3845172609137906,0.4553537646613696,calm
2022-03-29,0.08098833516503763,0.13940931371080822,0.38299722075657733,0.45793155605974656,calm
2022-03-30,0.07896253785819192,0.13091672513464594,0.37644346279144253,0.43424036281179146,calm
2022-03-31,0.0790083894395653,0.12934577472203573,0.3766517879483302,0.43342776203966005,calm
2022-04-01,0.07808133867661463,0.126419754869205,0.37540577866122027,0.4235560588901472,calm
2022-04-04,0.07810115267939341,0.12633309882750748,0.37470863311754904,0.4229390681003584,calm
2022-04-05,0.0819523042440554,0.14713041503394092,0.38011089160870426,0.467948717948718,calm
2022-04-06,0.08228590966805314,0.14749774406340138,0.3801921264906123,0.46994535519125685,calm
2022-04-07,0.08073979147808656,0.13534754637409221,0.3773285108996997,0.44576271186440675,calm
2022-04-08,0.0808408597242468,0.13500297199109612,0.3767231647388047,0.4447581404103144,calm
2022-04-11,0.08205606130444963,0.140093265968908,0.3786406058423597,0.4552294958615501,calm
2022-04-12,0.08146952621627744,0.13726801508372938,0.3771105913927289,0.44933258131227677,calm
2022-04-13,0.08060875322938528,0.1342467626420141,0.37508385134973443,0.4398722284855317,calm
2022-04-14,0.08251157474275227,0.1430811803975502,0.37980925600108095,0.4634741784037559,calm
2022-04-18,0.08257828117625196,0.1446410955273733,0.38151289174177544,0.46940690690690695,calm
2022-04-19,0.08269111289760998,0.14990730211658396,0.3850275952781695,0.4864003001313075,calm
2022-04-20,0.08456314379345335,0.15914098147400868,0.3905295711034136,0.5149981252343457,transitional
2022-04-21,0.08574504192861514,0.16631128060905437,0.3937168265807416,0.5345699831365937,transitional
2022-04-22,0.08744138092800283,0.17377997819378627,0.3929340651647422,0.547191011235955,transitional
2022-04-25,0.08747248331525793,0.16876099638653974,0.3924757458041129,0.5364027699794124,transitional
2022-04-26,0.08724522510359062,0.16202450360763893,0.3843236342496528,0.5089786756453423,transitional
2022-04-27,0.08709986989971397,0.16185455494095255,0.38519580025719,0.5111235744999065,transitional
2022-04-28,0.08796059040515963,0.15792292637519956,0.3847814454222791,0.5048579970104634,transitional
2022-04-29,0.08929072251680081,0.14186252594401363,0.38471543438978273,0.4780578898225958,calm
2022-05-02,0.08952652684664457,0.1493369004063411,0.38556282137257764,0.4936543486375513,calm
2022-05-03,0.08998937519057419,0.15291555568022297,0.38700183484384443,0.501958589815333,transitional
2022-05-04,0.09455408562584425,0.18124103089853424,0.39586546827959457,0.569351230425056,transitional
2022-05-05,0.10255285798701644,0.2273083106751994,0.42419952345432205,0.7082168809390721,stressed
2022-05-06,0.10222398930506818,0.22499834366362442,0.4232733154053847,0.7031657355679702,transitional
2022-05-09,0.10138104130678499,0.2171007845249155,0.4160274846890293,0.6754141075749116,transitional
2022-05-10,0.1008102050658888,0.21578756767683377,0.4190093473598118,0.6832217261904763,transitional
2022-05-11,0.10091930206013978,0.21052625733122832,0.41255268685278484,0.6551403606618331,transitional
2022-05-12,0.10109045618384419,0.21426733402629008,0.41533748860832526,0.6692679301374954,transitional
2022-05-13,0.1003576780419377,0.20133211575011992,0.4071585995257098,0.620427112349118,transitional
2022-05-16,0.10059925376350445,0.20614952062003322,0.41002933127447777,0.6371566443949518,transitional
2022-05-17,0.100715031398465,0.1980673685835876,0.4039792480905093,0.6058245223520683,transitional
2022-05-18,0.10097277710342485,0.18234945592011492,0.3895493303916713,0.5580274378939563,transitional
2022-05-19,0.10106716696390408,0.186970716433504,0.3891525915270428,0.5649434871224756,transitional
2022-05-20,0.10142174300864386,0.19343773548772764,0.39266661488267773,0.5781481481481482,transitional
2022-05-23,0.10084485318041528,0.18775872449906128,0.38681270789214756,0.5609846381639829,transitional
2022-05-24,0.09992906626814957,0.17787284217482208,0.3815597456865544,0.5320014798372179,transitional
2022-05-25,0.10033567901438332,0.18396727850035818,0.3848169557845709,0.5505638750231096,transitional
2022-05-26,0.10000945196177237,0.196947383011625,0.39633280339864635,0.5901699926090169,transitional
2022-05-27,0.1012418822014591,0.20310694738466534,0.4015206520995848,0.6108956602031395,transitional
2022-05-31,0.10206962242608104,0.21379775347335256,0.40881940974980124,0.6498708010335917,transitional
2022-06-01,0.10094390232808749,0.21629028431015868,0.4039212444125928,0.6373362848182992,transitional
2022-06-02,0.10257614940601688,0.23501244052108353,0.4107388548743361,0.679019174041298,transitional
2022-06-03,0.103422942840972,0.2577155102630167,0.42102410388412753,0.7379767827529021,stressed
2022-06-06,0.10301388186835538,0.25443637376097195,0.4171980041243689,0.7215469613259669,stressed
2022-06-07,0.10430815454935519,0.2640254980183609,0.42444823475076265,0.7528069206699799,stressed
2022-06-08,0.1021177485610904,0.2534882208843745,0.4174249621526903,0.7200147167034584,stressed
2022-06-09,0.10257364157952767,0.26579631087834277,0.42327586949313656,0.7503217503217504,stressed
2022-06-10,0.10077489635694505,0.24062275760909363,0.40954162995514626,0.6760382212421904,transitional
2022-06-13,0.11298311247022998,0.31709253119880215,0.4643035515344976,0.854912764003673,stressed
2022-06-14,0.11302048161991339,0.32275666083322485,0.4677742184718605,0.861784140969163,stressed
2022-06-15,0.11837957458173509,0.36404513874215494,0.4998610674938368,0.9115758576407998,stressed
2022-06-16,0.1184288947294566,0.3577213980462903,0.4974543461305628,0.9075907590759075,stressed
2022-06-17,0.11775978302769578,0.357853324090253,0.49706591042320614,0.9065420560747662,stressed
2022-06-21,0.1174289442803555,0.3475342201017745,0.4896933188166911,0.8992673992673993,stressed
2022-06-22,0.11883293675367493,0.3494555804974405,0.49079775765868455,0.9017023613399231,stressed
2022-06-23,0.11936703034463134,0.35955468688285885,0.49873261739928204,0.9103549213318697,stressed
2022-06-24,0.11890656175949152,0.3511755349225733,0.49280329040886106,0.9021759005302615,stressed
2022-06-27,0.11868239115590234,0.3490086992959009,0.4906215080686316,0.9000365497076025,stressed
2022-06-28,0.11883114493431272,0.3477768165144198,0.48936520421789026,0.8977168949771691,stressed
2022-06-29,0.11912997262145252,0.3456313131922645,0.4875206041116999,0.8955823293172691,stressed
2022-06-30,0.1189480433718044,0.3430047354437451,0.4861520819931197,0.89272030651341,stressed
2022-07-01,0.11771492470814918,0.333898911492339,0.47857583736278764,0.8778264040846097,stressed
2022-07-05,0.11775444588530815,0.3266175878315495,0.47272221520123214,0.8680517587023875,stressed
2022-07-06,0.11837069076503726,0.32879714674487215,0.4751526792870696,0.8728597449908925,stressed
2022-07-07,0.11868198919774407,0.3304005742257087,0.4760649002343991,0.8747496814127071,stressed
2022-07-08,0.1180003643751314,0.33259558152381036,0.47797792807930173,0.8762736535662299,stressed
2022-07-11,0.11794755527117533,0.32543427907574246,0.47178946628844637,0.8647026732133115,stressed
2022-07-12,0.1168294928328412,0.319086801602371,0.46737801851716265,0.8527808069792803,stressed
2022-07-13,0.11598599244938664,0.3181850180986914,0.4675985188853446,0.8528610354223433,stressed
2022-07-14,0.11660261227892868,0.3237220347648055,0.472506043562467,0.8649237472766885,stressed
2022-07-15,0.11775267809595691,0.3328510760032294,0.4774796523812133,0.8755216839049175,stressed
2022-07-18,0.11630521018229645,0.3209205632187984,0.4673977724318134,0.8516503445774393,stressed
2022-07-19,0.11655753691564605,0.32046537523036217,0.46698615742690913,0.8510059815116912,stressed
2022-07-20,0.11439152669853836,0.31177340729680547,0.46183865931524926,0.8384057971014492,stressed
2022-07-21,0.11703972881811849,0.33639643303251227,0.4832342221347391,0.8859315589353612,stressed
2022-07-22,0.1169312345738133,0.34149528743573027,0.48789159817415795,0.8919652551574376,stressed
2022-07-25,0.11649086039051113,0.3365692714622614,0.4834068269157205,0.8847892928196782,stressed
2022-07-26,0.11581773731358663,0.3389964342993426,0.4847863198948102,0.8864786695589298,stressed
2022-07-27,0.11606998396081453,0.35449087747231445,0.49538697853059876,0.9011743450767842,stressed
2022-07-28,0.11612168971321805,0.35516345536139216,0.4945309550298299,0.9003250270855906,stressed
2022-07-29,0.11603691902094378,0.3539975403639577,0.4936319369520524,0.8987547374120194,stressed
2022-08-01,0.11369955883920455,0.3408042413792448,0.4841412094840736,0.884018759018759,stressed
2022-08-02,0.1078377511810289,0.3149802947573778,0.4678653800607144,0.8462231837029024,stressed
2022-08-03,0.10860062359915144,0.31806525801548285,0.47040860081676367,0.8517117117117117,stressed
2022-08-04,0.10782759610510695,0.32025493381624304,0.47259265575877896,0.858274806410949,stressed
2022-08-05,0.11060530220914297,0.33597987938427576,0.4865244769882823,0.8857091432685386,stressed
2022-08-08,0.11110997599327004,0.3450044651003193,0.49243450738623434,0.8945853570786113,stressed
2022-08-09,0.1108083171616227,0.34567456296527604,0.4932154651997388,0.8953613807982741,stressed
2022-08-10,0.11163226075342376,0.35182239792858994,0.4952128883217951,0.8986522911051212,stressed
2022-08-11,0.11273734071518614,0.35536202293330776,0.49772618370098476,0.9028376436781609,stressed
2022-08-12,0.11405950194151561,0.36901616913206053,0.50778857016988,0.914019027104649,stressed
2022-08-15,0.11378008833933545,0.38635531616106833,0.520225070594585,0.9264442052386078,stressed
2022-08-16,0.11330420791872925,0.38911741729778737,0.5212426083759558,0.9277389277389277,stressed
2022-08-17,0.11417944965219724,0.39428797042375846,0.5251586674245906,0.9306451612903226,stressed
2022-08-18,0.11410863513283293,0.4003627098594807,0.5302632412121463,0.9337273867096543,stressed
2022-08-19,0.11591960331982634,0.42078643394997445,0.5451627518509937,0.9461152882205514,stressed
2022-08-22,0.11676471553942544,0.4280135425264497,0.5510842274504117,0.9504383610663805,stressed
2022-08-23,0.11658003772362378,0.42765734129898625,0.5507501323563759,0.9497496423462088,stressed
2022-08-24,0.11549057743164153,0.4243793231449732,0.5482642594052807,0.9463806970509383,stressed
2022-08-25,0.11570520308142972,0.4266289193924879,0.5497455847421137,0.9473026080743123,stressed
2022-08-26,0.11740438952068588,0.4310474163189653,0.5532974817004237,0.9514372433494018,stressed
2022-08-29,0.11643767534687335,0.4281381820423732,0.5515443019975812,0.9491434689507495,stressed
2022-08-30,0.1157609120467412,0.42384072169674153,0.5482080092424371,0.9447119671838773,stressed
2022-08-31,0.11638941664076076,0.43212664610676266,0.5545536609127124,0.9500891265597149,stressed
2022-09-01,0.11590524676868065,0.4270503018002847,0.5511757723135169,0.9467308034918939,stressed
2022-09-02,0.11540796930950507,0.42133334509951303,0.5471398250316674,0.941951566951567,stressed
2022-09-06,0.11613579550277386,0.42019295384736194,0.5461672135110962,0.9430503648336003,stressed
2022-09-07,0.11779012802892291,0.4473103860168689,0.5687112861991717,0.9624688722874422,stressed
2022-09-08,0.10424724811105328,0.3748652425156743,0.5159449551602115,0.9098666666666667,stressed
2022-09-09,0.10387163602610157,0.3719139887595717,0.512906600744172,0.9058280028429282,stressed
2022-09-12,0.09883493718183976,0.33617864939815184,0.48496042393054806,0.8659207955958089,stressed
2022-09-13,0.10359145652556703,0.37735075181783373,0.512018015094391,0.9066382676606318,stressed
2022-09-14,0.10362134464969285,0.3821582643619389,0.5155379184574365,0.9097037431257761,stressed
2022-09-15,0.10486072063796792,0.4006901097028533,0.5303231511455687,0.924468085106383,stressed
2022-09-16,0.10377059636178657,0.39764683317028104,0.5275999800171489,0.9209640262271841,stressed
2022-09-19,0.1036079786959563,0.40126413056408844,0.5309005248523457,0.9241941197307829,stressed
2022-09-20,0.10442225544224783,0.4189481947142591,0.5437613976424128,0.9353867941228536,stressed
2022-09-21,0.10411212178366537,0.4069177470316346,0.5350953220085413,0.9269285208775654,stressed
2022-09-22,0.10560357641863881,0.4110414657929239,0.5374156180997083,0.9303271441202475,stressed
2022-09-23,0.10837466690450803,0.4057013851767805,0.5340281619188015,0.9270060091905267,stressed
2022-09-26,0.11189742627748409,0.4280495551237876,0.5511322113348399,0.943649531884826,stressed
2022-09-27,0.11180946195581987,0.4216985758484709,0.5460386295070566,0.9383827683615819,stressed
2022-09-28,0.12144322380902292,0.48476957106439383,0.5945492482970252,0.9745897300158815,stressed
2022-09-29,0.12080272821739083,0.4659263472171067,0.5807711461086138,0.9708994708994708,stressed
2022-09-30,0.12070701019159523,0.463054398154657,0.5788133692961366,0.9698572184029614,stressed
2022-10-03,0.12811150865297916,0.49648888741243297,0.6050876701187524,0.9770965468639887,stressed
2022-10-04,0.13083472139455005,0.511586214238717,0.616455958128182,0.9802782179961261,stressed
2022-10-05,0.1316479912608956,0.5161480933201242,0.6200000116811332,0.9811686026047166,stressed
2022-10-06,0.1318760242337209,0.5173831704846742,0.6207988183731207,0.9811785400175902,stressed
2022-10-07,0.13349760954601012,0.5229199491675094,0.6253547167224308,0.9827707454289732,stressed
2022-10-10,0.13372013738969338,0.5243177060268276,0.6269148989348347,0.9831312598840274,stressed
2022-10-11,0.1336771740295404,0.5274713069852286,0.6293444380462064,0.9834913944502985,stressed
2022-10-12,0.1331308183315343,0.5294206595421727,0.6306669693590058,0.9835000877654907,stressed
2022-10-13,0.13396744190288207,0.5185419529621742,0.6223100435364295,0.980701754385965,stressed
2022-10-14,0.13358255778149028,0.5208438225229772,0.6238975635446168,0.9807119060143784,stressed
2022-10-17,0.13479439548802608,0.5247755932018087,0.6272281449331929,0.9826498422712934,stressed
2022-10-18,0.1352074081607547,0.5273351185872949,0.6292895890484946,0.9830092835873182,stressed
2022-10-19,0.13699432402944742,0.5350771859360766,0.6352374369846879,0.9845938375350141,stressed
2022-10-20,0.13537999084097174,0.5313573162979177,0.6318657043066448,0.983902012248469,stressed
2022-10-21,0.1350500410121807,0.5171992116220223,0.6216825024983275,0.9774396642182581,stressed
2022-10-24,0.13460425840927157,0.5143342211243367,0.6193618029776274,0.9758783429470372,stressed
2022-10-25,0.1382918249394629,0.5292363595925569,0.6298272508076277,0.9832285115303984,stressed
2022-10-26,0.13795197127537104,0.5255057971889464,0.6268938434726641,0.9809673476514754,stressed
2022-10-27,0.13644969736789161,0.5211999323115533,0.6237175002002825,0.9787085514834205,stressed
2022-10-28,0.13623056504635125,0.5160280907977084,0.619612888880575,0.9752311180882609,stressed
2022-10-31,0.13527417804276282,0.5137722352954861,0.6180002145300837,0.9733263598326359,stressed
2022-11-01,0.13505873616119918,0.5123939296020542,0.6169020789845734,0.9726433176511587,stressed
2022-11-02,0.1360876080420067,0.5143008517631247,0.6185119982681064,0.9738766980146291,stressed
2022-11-03,0.13558195962133585,0.5163595046073339,0.6199205311076049,0.974934725848564,stressed
2022-11-04,0.13710232849007595,0.5001103342140001,0.6083571067422286,0.9702505219206681,stressed
2022-11-07,0.13547429811217931,0.4938749775538647,0.603742881855163,0.9667883846287602,stressed
2022-11-08,0.13729375616616615,0.4993876128401137,0.6076090893325893,0.9695863746958637,stressed
2022-11-09,0.13786117003360504,0.4964174444099715,0.6057549529612468,0.9687337154768109,stressed
2022-11-10,0.1594643011959103,0.576098962010801,0.6667557650358952,0.9901041666666667,stressed
2022-11-11,0.15999341124647226,0.5789340066616637,0.6691962942644302,0.9901093180635087,stressed
2022-11-14,0.15860532244291603,0.5731234216741348,0.6647774873108143,0.9890738813735691,stressed
2022-11-15,0.15930814518750855,0.5743391227167247,0.6652596962142645,0.9890795631825272,stressed
2022-11-16,0.1596882403873618,0.5695500707105117,0.6614776260823997,0.9885654885654885,stressed
2022-11-17,0.16012535181847065,0.5717210429472808,0.6631363558430464,0.9887445887445887,stressed
2022-11-18,0.15895201721939664,0.5686049651084628,0.6608333677483826,0.9871928002769125,stressed
2022-11-21,0.1576358431873288,0.573420080834927,0.6639548960266263,0.9877183878221761,stressed
2022-11-22,0.15843050973302295,0.574966733914608,0.6650982118911517,0.9880705394190872,stressed
2022-11-23,0.15987251188192209,0.5811387704910775,0.6698049203805582,0.9898047347503024,stressed
2022-11-25,0.1590511972199008,0.5791729406152784,0.6683039040862142,0.9886010362694301,stressed
2022-11-28,0.15923446642632053,0.5785896625183253,0.6683195889379735,0.9882616951493182,stressed
2022-11-29,0.15931533973205161,0.5800861270566011,0.6695226461287808,0.9889579020013803,stressed
2022-11-30,0.16070991860765035,0.5864841853176466,0.6748328389771169,0.9901707190894982,stressed
2022-12-01,0.16193670440507804,0.5878502592244901,0.6757692990413733,0.9901758014477767,stressed
2022-12-02,0.16188326652862328,0.5863546342527923,0.6745933306977097,0.9893195521102497,stressed
2022-12-05,0.16385405315051904,0.5931361461378971,0.6797766757184774,0.9901859504132231,stressed
2022-12-06,0.16378678352732615,0.5915522998215137,0.6786092879273559,0.9896747547754258,stressed
2022-12-07,0.16166164671204072,0.5925197874401994,0.6788207430959313,0.9891640866873065,stressed
2022-12-08,0.16163149920504982,0.5924716039629401,0.6788067929254891,0.9886539453326457,stressed
2022-12-09,0.16137413962122368,0.5889894292131249,0.6760456139519702,0.9878006872852234,stressed
2022-12-12,0.1611626820010203,0.5856934191409052,0.6734775136415104,0.986261377296926,stressed
2022-12-13,0.1622696919287947,0.5881505293291889,0.6754066077473699,0.9879848952969447,stressed
2022-12-14,0.16110352429155364,0.583629405316798,0.6719111539997158,0.9852461828787099,stressed
2022-12-15,0.16302195066744288,0.5882076713003248,0.6751594678477312,0.9878257887517147,stressed
2022-12-16,0.16169124091996256,0.5857513150025149,0.6733647963910432,0.9856041131105399,stressed
2022-12-19,0.1600042097023076,0.5961144017385844,0.6812030880828753,0.9878383007879411,stressed
2022-12-20,0.15671195608468166,0.5730204520581152,0.6627062261436086,0.9772299263824687,stressed
2022-12-21,0.15556901703606096,0.5734708390355387,0.6631584952094214,0.9774127310061602,stressed
2022-12-22,0.15035285938103585,0.5540863989182183,0.6483142099264375,0.9740037626133059,stressed
2022-12-23,0.15021124983609443,0.5654295279177257,0.6580397982019356,0.9747008547008548,stressed
2022-12-27,0.1504425455516206,0.561876278536911,0.6552901452981296,0.9745429694173927,stressed
2022-12-28,0.1457191696791207,0.5452264053143463,0.642249151587481,0.9701161202185794,stressed
2022-12-29,0.1447749680494208,0.5474509082846956,0.6435384021464118,0.9704727769243897,stressed
2022-12-30,0.14392779048954712,0.5432780251320495,0.6402710456079529,0.9687819856704195,stressed
2023-01-03,0.14334699651201252,0.5360600019005237,0.6345021007466367,0.9672634271099744,stressed
2023-01-04,0.14141783808536898,0.5313561420282628,0.6307572519708564,0.9659168370824812,stressed
2023-01-05,0.14045546371871695,0.5248818180124736,0.6262024172486351,0.9625276784193493,stressed
2023-01-06,0.14459135211010013,0.5428878186724819,0.6400716682700218,0.9683350357507661,stressed
2023-01-09,0.14460672400760466,0.5451765244603213,0.6420871530811144,0.9692019737961545,stressed
2023-01-10,0.1445091806174202,0.5584452754566813,0.6524927666318429,0.9729591836734693,stressed
2023-01-11,0.1418963411639076,0.5453014353647752,0.6419470170130909,0.9680435152133265,stressed
2023-01-12,0.14228045600886957,0.5538307476106824,0.6481281124293533,0.9711179068977233,stressed
2023-01-13,0.14221460533983754,0.5512968915377147,0.6463599166348973,0.9697741552046187,stressed
2023-01-17,0.1395762271106543,0.5405049079336799,0.6379889030114089,0.9646978954514597,stressed
2023-01-18,0.13841256315566688,0.5253843812983793,0.6264169659893682,0.9587786259541985,stressed
2023-01-19,0.13802858502847434,0.5320375966259111,0.630892281576279,0.9618514750762971,stressed
2023-01-20,0.13806705279761472,0.5262099651499812,0.6263076434877927,0.9581426876800542,stressed
2023-01-23,0.13498167856333734,0.5173406002294209,0.6191109099946692,0.9490176151761517,stressed
2023-01-24,0.13474875224871258,0.5182483096178894,0.6198635974799942,0.9493820890468935,stressed
2023-01-25,0.1347483491118746,0.5208705603428039,0.6218891422780551,0.9510998307952624,stressed
2023-01-26,0.13480736523930556,0.5287648332008785,0.6278896814667934,0.9560290884491797,stressed
2023-01-27,0.13341228290743593,0.523445524784989,0.6237045078745505,0.950473292765382,stressed
2023-01-30,0.1340123889505456,0.5278642978729294,0.6272752861797903,0.9548910288900152,stressed
2023-01-31,0.13220299685639075,0.519593575457137,0.620497307373228,0.9466396487673082,stressed
2023-02-01,0.1314809281146157,0.5217874193267907,0.6222977642368026,0.9480168776371308,stressed
2023-02-02,0.1309196554517419,0.5290896706925418,0.6274598128338706,0.9531039136302294,stressed
2023-02-03,0.1356641199327756,0.556202800735513,0.6492295562129018,0.968302141291519,stressed
2023-02-06,0.13531400875516275,0.5588078689390992,0.6513364358224005,0.9683181664981463,stressed
2023-02-07,0.13382209250183558,0.5565942971287983,0.6498019029078209,0.965133906013138,stressed
2023-02-08,0.11046778131328579,0.44649253161860364,0.5648916635048971,0.9067340067340068,stressed
2023-02-09,0.11104160139928002,0.4487387066394287,0.5663259814864565,0.9084637388524315,stressed
2023-02-10,0.11093483476816297,0.4469318070372704,0.5652381180117008,0.9073326606121763,stressed
2023-02-13,0.10958770902183676,0.43919535244660735,0.559125350135855,0.902168431669188,stressed
2023-02-14,0.10921507939822354,0.445505868015192,0.5632275457313858,0.904233870967742,stressed
2023-02-15,0.1091921229708732,0.44209396409314505,0.5610904948073479,0.9020990764063811,stressed
2023-02-16,0.11057286216966848,0.44924063781159973,0.5663302173982838,0.9078549848942599,stressed
2023-02-17,0.11059849369523517,0.44919564965044917,0.5665986728925864,0.9079013588324107,stressed
2023-02-21,0.11166584060510126,0.4434921520010695,0.5611672669489393,0.903588195841717,stressed
2023-02-22,0.10945866394294487,0.4304992806837106,0.5503036000770282,0.8950896597955421,stressed
2023-02-23,0.10977494652820209,0.429166434492955,0.5490547570954122,0.8943048576214405,stressed
2023-02-24,0.11008368165469305,0.43406103079975056,0.5532586928886423,0.8968692449355432,stressed
2023-02-27,0.11023672304554452,0.43584915562063226,0.5546782966429393,0.8975903614457832,stressed
2023-02-28,0.10625465989272927,0.41643934945756483,0.5407093018832783,0.8837598260578693,stressed
2023-03-01,0.10148785637716748,0.39413426181576455,0.5212229758087161,0.8639251086593113,stressed
2023-03-02,0.10120460509435861,0.3930228255622975,0.5203749471349934,0.8618212197159565,stressed
2023-03-03,0.1017893854130797,0.3942845625131162,0.5219123538788436,0.8643954575818303,stressed
2023-03-06,0.10207447554863465,0.4031888009496246,0.5288336743516323,0.8699716241028209,stressed
2023-03-07,0.10171347589059328,0.39914073307947284,0.5236773670987078,0.8658658658658659,stressed
2023-03-08,0.10169780882246707,0.40025589099401016,0.5246342548741142,0.8659329664832417,stressed
2023-03-09,0.10074777790704446,0.3959867933285431,0.5225246664464004,0.8608333333333333,stressed
2023-03-10,0.10410358971095982,0.39770707422970886,0.5278661882169589,0.8695652173913043,stressed
2023-03-13,0.10320225097425355,0.3827845909011578,0.5165846996805772,0.8566433566433567,stressed
2023-03-14,0.1032576972688193,0.3765901313156566,0.5130721462181855,0.8517224163754369,stressed
2023-03-15,0.10090788773507992,0.3581843912028762,0.5036945627723726,0.8389886892880906,stressed
2023-03-16,0.1006983770847949,0.35707001336989996,0.5032011004870945,0.8364089775561098,stressed
2023-03-17,0.10056038787700909,0.34374976879861435,0.49881350870196733,0.82884679295447,stressed
2023-03-20,0.10044289886301458,0.35310149886044145,0.5079563057638898,0.8380667663178873,stressed
2023-03-21,0.10060050620103947,0.34861181537930536,0.5055414227516707,0.8361553784860557,stressed
2023-03-22,0.10003291859159184,0.33737591635893216,0.505665023167691,0.8317570930811349,stressed
2023-03-23,0.1001459029382629,0.3407272733847012,0.5076629324875737,0.8334991708126035,stressed
2023-03-24,0.09920126933626405,0.3414259129322159,0.5106046410184031,0.8347422509530914,stressed
2023-03-27,0.0999190629384794,0.3308871655740201,0.505170720862902,0.8275347912524852,stressed
2023-03-28,0.09852155744530003,0.32147337433724865,0.5012851934161539,0.8223215764199371,stressed
2023-03-29,0.09827108715399302,0.31966348827169816,0.5016378923771428,0.821582257530619,stressed
2023-03-30,0.09842360895024346,0.3311213504653395,0.508815433773044,0.8301075268817204,stressed
2023-03-31,0.09757198439259053,0.31760275522653764,0.4973819275700852,0.8139880952380952,stressed
2023-04-03,0.09693422506822852,0.3169135566820459,0.500917289645943,0.8187076516278301,stressed
2023-04-04,0.09033828578732389,0.26656280702474416,0.48077953138616136,0.7720515361744301,stressed
2023-04-05,0.09015262648725514,0.2630523321650963,0.47718171620481237,0.7629189367673765,stressed
2023-04-06,0.08996382968542309,0.26553892204977037,0.4781562235832458,0.7666666666666667,stressed
2023-04-10,0.09009916918027376,0.2684505855612509,0.48545026412817754,0.7803067788223652,stressed
2023-04-11,0.08784262231959325,0.2579763658150992,0.47807625401267595,0.7581602373887241,stressed
2023-04-12,0.08783153765047831,0.26093555329336926,0.48200621075593475,0.7675070028011204,stressed
2023-04-13,0.0880783115317629,0.2622305892356588,0.4790636458830565,0.7636693017127799,stressed
2023-04-14,0.08962509968401458,0.2863720104032949,0.48706174802387897,0.7930864197530864,stressed
2023-04-17,0.09010874985126316,0.2932479234874274,0.4941238563199977,0.8028956893715039,stressed
2023-04-18,0.09026901981185202,0.30308339153641783,0.49612681602633385,0.8074329879953955,stressed
2023-04-19,0.09038559297088194,0.3050108485257209,0.4959946045952503,0.8076923076923076,stressed
2023-04-20,0.09016850881697638,0.30670267917900207,0.49834888245494485,0.812387054378183,stressed
2023-04-21,0.09022150773977947,0.30510993287293553,0.49673053856032917,0.8080459770114943,stressed
2023-04-24,0.0906252590924745,0.30988427058819373,0.49905704287205305,0.8153618906942391,stressed
2023-04-25,0.09058385377741894,0.29979725620732833,0.49361913251918316,0.8034776902887139,stressed
2023-04-26,0.09032708853601847,0.2934007258928351,0.4906926710257916,0.7986555172979178,stressed
2023-04-27,0.08958753800773447,0.28646867091344763,0.4911590911757256,0.7948213700426091,stressed
2023-04-28,0.08866263779161113,0.27960431059912483,0.48678830722649946,0.7852579852579852,stressed
2023-05-01,0.09149541499055615,0.2994247545819846,0.4976087848628585,0.8087753765553373,stressed
2023-05-02,0.08739111776566603,0.25281262037128355,0.48482614346700736,0.7556864670266732,stressed
2023-05-03,0.08696537016136863,0.24889824420477735,0.48747667187598553,0.7544978737324174,stressed
2023-05-04,0.08715124710386885,0.2506009088989528,0.48487120188349414,0.7534739251266961,stressed
2023-05-05,0.08714419103087481,0.24182363294487513,0.4825318327608273,0.740359477124183,stressed
2023-05-08,0.08659510326826242,0.2393048098847224,0.4838542661819654,0.7398334149926508,stressed
2023-05-09,0.08615771510872505,0.23821915915750283,0.4820622485327827,0.7357166176950702,stressed
2023-05-10,0.08595699987849194,0.23508501210727326,0.482001832016125,0.7327459618208517,stressed
2023-05-11,0.08600481300587919,0.22905192337623256,0.47571721383603144,0.7159165035877364,stressed
2023-05-12,0.08547039672982755,0.2277039330145874,0.47150052860157304,0.7056234718826406,transitional
2023-05-15,0.0835791596167597,0.21033993226314135,0.4697946806363705,0.6797002280873249,transitional
2023-05-16,0.0845744213736495,0.2175384744951802,0.46921517349250874,0.6904412962058296,transitional
2023-05-17,0.08137994723807761,0.206001165714064,0.48062668600482095,0.6868489583333334,transitional
2023-05-18,0.08199301163008121,0.2089578623821907,0.4901018290613033,0.7084756791931023,stressed
2023-05-19,0.08166788619095373,0.20812255722836975,0.49099521908176685,0.7071544715447153,stressed
2023-05-22,0.07926796351390711,0.18982745875957166,0.49097971084528225,0.6782057532910776,transitional
2023-05-23,0.07910136113324821,0.1898306390352381,0.4907434843201285,0.6777128005198181,transitional
2023-05-24,0.08011722310402404,0.1981573371742034,0.4907044796136404,0.6880987173242409,transitional
2023-05-25,0.07987004773610369,0.1961033541400198,0.49663962242603715,0.691333982473223,transitional
2023-05-26,0.08065239658955242,0.2047089205795103,0.49435156001631797,0.7020275750202757,transitional
2023-05-30,0.07644203054648034,0.17491042760668538,0.4990935736939311,0.6528858625162127,transitional
2023-05-31,0.07600424433658894,0.17127807141346357,0.49852198741008585,0.6449521957543348,transitional
2023-06-01,0.07416077803646767,0.16127374107849002,0.5090229195407453,0.6310333657272432,transitional
2023-06-02,0.07477374797797445,0.15966751913405508,0.5173296896859093,0.6391452161243322,transitional
2023-06-05,0.0747954991045158,0.1629889608408424,0.5163418918416539,0.6436893203883495,transitional
2023-06-06,0.07061624411468012,0.15791760664094748,0.4837227780072708,0.5909752547307132,transitional
2023-06-07,0.07103758787628157,0.1643526107339535,0.4834414171024916,0.6008729388942774,transitional
2023-06-08,0.07328163396934263,0.18762648594125783,0.484048619535187,0.6424301179512039,transitional
2023-06-09,0.07298633293652702,0.2095052667845115,0.4913679316062206,0.6828165374677001,transitional
2023-06-12,0.072858257077721,0.20693155944738179,0.4912478556461162,0.6774818401937045,transitional
2023-06-13,0.07109536235729938,0.20666700134309424,0.4768915248254087,0.6513391416585995,transitional
2023-06-14,0.07132549442105408,0.21384373568111373,0.4825618909754744,0.6734397677793904,transitional
2023-06-15,0.07336055218365516,0.24780040141939907,0.49140830571889726,0.7217923920051579,stressed
2023-06-16,0.0729223011128782,0.2597377687153859,0.47991541727441833,0.7169324955695183,stressed
2023-06-20,0.07267535233034765,0.2548516539533575,0.4743370278678146,0.7019323671497585,transitional
2023-06-21,0.07269321721858824,0.2619181937844276,0.4795143160097986,0.7188153870915821,stressed
2023-06-22,0.07177580769122022,0.2731051852707465,0.4882102928185065,0.7417953667953668,stressed
2023-06-23,0.07169753022456185,0.2715911700270871,0.48909198350040756,0.7404727448142788,stressed
2023-06-26,0.07164229190119803,0.2761638414055548,0.49241476027752507,0.7489553198328512,stressed
2023-06-27,0.07088218319117918,0.26862339130779805,0.4903385933655166,0.737991967871486,stressed
2023-06-28,0.0699774078854806,0.2663924087836099,0.496741529585661,0.741490044958253,stressed
2023-06-29,0.06981088550451955,0.25773660037644797,0.4937895835264593,0.7278125501524636,stressed
2023-06-30,0.07142980896622882,0.28410618317619113,0.49735729624778013,0.758902791145332,stressed
2023-07-03,0.07145141206085842,0.2898259475956277,0.5008483232688116,0.7668751002084336,stressed
2023-07-05,0.07196269756392809,0.2924683853545494,0.5014921076407507,0.7700320512820514,stressed
2023-07-06,0.0719805904535414,0.2872733751728957,0.49240853504177867,0.755085695979497,stressed
2023-07-07,0.07186510502145879,0.281642810085564,0.48882465675954784,0.7457572846621838,stressed
2023-07-10,0.07202671527338494,0.2845478091234631,0.48951072073695806,0.7495599295887342,stressed
2023-07-11,0.0720343161514536,0.2895587141285315,0.49849001141672733,0.765195137555982,stressed
2023-07-12,0.0723690133064468,0.2946556674369733,0.5007966971933795,0.7710631494804158,stressed
2023-07-13,0.07324339962272347,0.30341809942277465,0.5013794010164679,0.775647171620326,stressed
2023-07-14,0.07361900715744799,0.3056116246705195,0.5014442144294612,0.7773518607251239,stressed
2023-07-17,0.07346969865442252,0.30496443222854286,0.5015408450965075,0.7766602809706259,stressed
2023-07-18,0.07387991821459312,0.3056449172946559,0.49866211204336164,0.7737354396042764,stressed
2023-07-19,0.0736888970702255,0.2950953332602868,0.4924847123444596,0.7601275917065391,stressed
2023-07-20,0.0748756003097756,0.30666801245880426,0.49617303818028646,0.7742706838833094,stressed
2023-07-21,0.07488131743715454,0.3242028607096474,0.5039771871602652,0.7917463352453792,stressed
2023-07-24,0.0744606507426742,0.32560887926916726,0.5063135964914875,0.7913680522376175,stressed
2023-07-25,0.07450153491933596,0.33352204071805486,0.5084053457429584,0.7954473097739573,stressed
2023-07-26,0.07309605375771963,0.32499587460636276,0.5061241219552397,0.7859984089101034,stressed
2023-07-27,0.07458465868752964,0.3577583881698809,0.526664702978677,0.8193384223918575,stressed
2023-07-28,0.07387021905900336,0.3989404030012248,0.5421674294398904,0.8343665553965983,stressed
2023-07-31,0.07369267802657715,0.4044222585393114,0.5433175478741149,0.8353987925007944,stressed
2023-08-01,0.07586223164778629,0.4262733201193276,0.560250403654012,0.8561219628394473,stressed
2023-08-02,0.07755192510119993,0.4636198803678055,0.584440506364539,0.8801587301587303,stressed
2023-08-03,0.07853688344712062,0.46405987069196264,0.5841279526220938,0.8854513723623673,stressed
2023-08-04,0.0795701228317364,0.4597917617640567,0.5828448478375755,0.8878845543926418,stressed
2023-08-07,0.0790986926353827,0.4564157030257728,0.5813410641527403,0.8860358218418133,stressed
2023-08-08,0.07907752094432607,0.4616773172649147,0.5863026398224273,0.8873574144486692,stressed
2023-08-09,0.07864723206321472,0.45570578591862826,0.5817985201874741,0.8839271575613618,stressed
2023-08-10,0.07944020917779299,0.46456750967966026,0.5891878438035266,0.8906299461855017,stressed
2023-08-11,0.07843484939412808,0.45732139033301855,0.5848682904803671,0.8838791330485684,stressed
2023-08-14,0.0783876985531919,0.46032254645941545,0.5865433970228754,0.8844086021505376,stressed
2023-08-15,0.07856188534679397,0.47049986221349727,0.590697122326849,0.887624466571835,stressed
2023-08-16,0.07911439151305653,0.4796710883178287,0.5983027945715503,0.8914691943127963,stressed
2023-08-17,0.07928634207905996,0.47869023340014694,0.5977395373622296,0.8913627033001736,stressed
2023-08-18,0.07931596250725732,0.4849348469565589,0.601845442491683,0.8925189393939394,stressed
2023-08-21,0.07856827174304405,0.4692508272617548,0.5902500803054341,0.8859441552295314,stressed
2023-08-22,0.07850873845444109,0.4723641574415975,0.5912525557679293,0.8859981078524125,stressed
2023-08-23,0.08116747010001585,0.4733287966972536,0.5927004420082777,0.8940898345153664,stressed
2023-08-24,0.08154246348894298,0.4746912929623758,0.5918269565616645,0.8947700063011972,stressed
2023-08-25,0.08151934084403455,0.47816668082121394,0.593978943420066,0.8949771689497718,stressed
2023-08-28,0.08070890928861903,0.47156110395111606,0.5897154213044251,0.8909348441926346,stressed
2023-08-29,0.08261747357483198,0.5094683325780153,0.6165819766404986,0.905615856536102,stressed
2023-08-30,0.0826834794886497,0.5127732457861323,0.6192007599171387,0.9073899371069182,stressed
2023-08-31,0.08257732549350026,0.511165448517042,0.6178199738597346,0.905076221907905,stressed
2023-09-01,0.08178654819765827,0.5081338082806737,0.6141081063814994,0.9011938422871504,stressed
2023-09-05,0.08078426057942831,0.5005336647971875,0.6088294820283782,0.8973151201130475,stressed
2023-09-06,0.08096679149713537,0.5007023219183315,0.6085278753487247,0.8975204017576899,stressed
2023-09-07,0.08086458480792555,0.5035613634143236,0.6099627769286211,0.8975686274509803,stressed
2023-09-08,0.08086447405496558,0.519059307538593,0.621230960211217,0.9049858889934148,stressed
2023-09-11,0.08055117399081696,0.5136155039991986,0.616905382854297,0.8989186647860836,stressed
2023-09-12,0.07799499125129004,0.48849095614679444,0.5978738723492413,0.8795426065162908,stressed
2023-09-13,0.07796961862353588,0.4899784989421442,0.5985916039154201,0.8795991858462502,stressed
2023-09-14,0.07792934489805982,0.49448942643293947,0.6045036156833924,0.8807511737089202,stressed
2023-09-15,0.078091630024548,0.4853506485136051,0.5973563350881266,0.879555764117003,stressed
2023-09-18,0.07768544376778323,0.48747214685525087,0.5984959681606593,0.877110694183865,stressed
2023-09-19,0.0777637074491152,0.4953578364381263,0.6043541841406919,0.8801375214877325,stressed
2023-09-20,0.07780769638711714,0.49211923020012954,0.6017632263631342,0.8787878787878789,stressed
2023-09-21,0.08164711645580414,0.5193467351983019,0.6230825211158219,0.9091334894613583,stressed
2023-09-22,0.08182596016432227,0.5224153547610463,0.6254815964544547,0.9115168539325843,stressed
2023-09-25,0.08253058227367797,0.5206120745233944,0.6245113702706849,0.9121821868663235,stressed
2023-09-26,0.08093295343027543,0.5031388261659435,0.611326058722037,0.8963205487995012,stressed
2023-09-27,0.08127740346996916,0.4973787158141644,0.6069547039601803,0.8946548231260714,stressed
2023-09-28,0.08120059924850548,0.4955514885640948,0.6050013631429313,0.8931464174454828,stressed
2023-09-29,0.08048327126986006,0.4963211003390512,0.6046736821818208,0.88945975400903,stressed
2023-10-02,0.08213553488023553,0.514031984606403,0.6187778232375025,0.9046062869592282,stressed
2023-10-03,0.08395070635941768,0.5149861092568836,0.6197441701553356,0.9104059729351377,stressed
2023-10-04,0.08467675645727464,0.5146924899461505,0.6192743063949502,0.912157960199005,stressed
2023-10-05,0.08180484966834439,0.4925948749579815,0.6027628357708705,0.8916860916860917,stressed
2023-10-06,0.07991160094850652,0.47192572296499924,0.5862379984558792,0.8766697732214973,stressed
2023-10-09,0.08434596125002794,0.4847763070577197,0.5985473377894295,0.896134140661388,stressed
2023-10-10,0.08437949431615818,0.4833247980224996,0.5973288530177866,0.8949410304158908,stressed
2023-10-11,0.08570343172578246,0.4963647298933587,0.6065363691556446,0.9041414611447185,stressed
2023-10-12,0.08806626777020117,0.5207100434208416,0.6238924067859827,0.9221705426356589,stressed
2023-10-13,0.08996816749187722,0.4782594659222875,0.5935343072160665,0.900046490004649,stressed
2023-10-16,0.08999040690631613,0.46127630968754063,0.5810633196245389,0.8925030978934325,stressed
2023-10-17,0.09018362910090978,0.4610859074594651,0.5802810987845094,0.892553026784332,stressed
2023-10-18,0.0900722272412196,0.44494636587612507,0.568464114355606,0.8837821108016094,stressed
2023-10-19,0.08997798621750322,0.42751250645842925,0.5551537314173103,0.871461716937355,stressed
2023-10-20,0.08647276357329603,0.39246161955207004,0.5302775186989179,0.8452380952380952,stressed
2023-10-23,0.08552193145473341,0.3739714910567287,0.5189171058553277,0.8321743161798795,stressed
2023-10-24,0.08597420522560041,0.3636203341742757,0.5123553664053759,0.8248378127896201,stressed
2023-10-25,0.08602904174444788,0.356071773892758,0.5080170347376117,0.8202871699861047,stressed
2023-10-26,0.08518503902041497,0.33760383517149495,0.49523526101437015,0.7962962962962963,stressed
2023-10-27,0.08413745953967809,0.3345457553778948,0.4932960122650667,0.7899120777417862,stressed
2023-10-30,0.08296179555976417,0.3267391712768549,0.4879541126458647,0.7773666358310206,stressed
2023-10-31,0.0829634155530305,0.3291421282486763,0.49028136152283724,0.780859916782247,stressed
2023-11-01,0.08521630408717737,0.3334552344702418,0.4955742099301112,0.79513247073321,stressed
2023-11-02,0.08929730803049273,0.3572384076806015,0.5139524500866347,0.8287913779830639,stressed
2023-11-03,0.09026244673466877,0.3651396472155647,0.5189955879966108,0.8379501385041551,stressed
2023-11-06,0.09068251906694598,0.36733218910058,0.5203120123865307,0.840793724042455,stressed
2023-11-07,0.09105935487108144,0.36107086527921184,0.5159715635101241,0.8350246002460024,stressed
2023-11-08,0.09068767100320732,0.3520282496902657,0.5096975679954792,0.8260335023820501,stressed
2023-11-09,0.09177747909764661,0.3543760371606486,0.5134981697916006,0.8301075268817204,stressed
2023-11-10,0.09189693671945813,0.34689932736358203,0.5118056060731108,0.826040227237832,stressed
2023-11-13,0.09186654274787484,0.34639343800348604,0.5111193671729328,0.8251995089011664,stressed
2023-11-14,0.09822436250744322,0.3963789327084817,0.5468243904907386,0.8662371529375671,stressed
2023-11-15,0.09882097703547418,0.3995722822315094,0.5492354154710929,0.869671879791475,stressed
2023-11-16,0.09669542293243856,0.3941037705904603,0.5460868227483915,0.8639080459770115,stressed
2023-11-17,0.09578582984505861,0.39048961170776697,0.5437759237471361,0.8615196078431372,stressed
2023-11-20,0.09606481270348696,0.3919770859673998,0.5455515858895184,0.8626550298576022,stressed
2023-11-21,0.09596749673446389,0.389634067716145,0.5442527676156402,0.8611876339149066,stressed
2023-11-22,0.09408318579982744,0.3742837044106815,0.5353455134532769,0.8508490133088573,stressed
2023-11-24,0.09401734582008174,0.364688098225471,0.527308640950918,0.8429663608562691,stressed
2023-11-27,0.0949065114613396,0.36634070150899717,0.5276773954997803,0.8439553721534464,stressed
2023-11-28,0.09480841345290027,0.37045060309287836,0.52879022878306,0.846012832263978,stressed
2023-11-29,0.0938389101079106,0.36003443047624933,0.522185512777307,0.8384486181096351,stressed
2023-11-30,0.09419208170491175,0.3594097033898352,0.522364888486169,0.8385225885225885,stressed
2023-12-01,0.09735510627551926,0.38234542281733186,0.5360866632435574,0.8546147978642257,stressed
2023-12-04,0.09903641068691611,0.3933186942863229,0.5414397709334956,0.8624580664836841,stressed
2023-12-05,0.09938080045829627,0.3877836547809696,0.537529954573263,0.8582533150434385,stressed
2023-12-06,0.09942233884259298,0.38468546908818635,0.5352928590629865,0.8548141377209019,stressed
2023-12-07,0.09942464114687524,0.3832313307194218,0.5338488786679599,0.8539668037155476,stressed
2023-12-08,0.10005814921318656,0.3892998741803543,0.5376628195685176,0.8595129375951295,stressed
2023-12-11,0.09991739175678012,0.3902282035399482,0.5377912889977994,0.8592727825954664,stressed
2023-12-12,0.09990817872652676,0.38994145209021513,0.5376256938961484,0.8584245742092458,stressed
2023-12-13,0.10468818906032454,0.4166937961699862,0.5541838875570586,0.8840249278005775,stressed
2023-12-14,0.10678979195793323,0.42456265071280147,0.560879954905228,0.8890914615618354,stressed
2023-12-15,0.10343554689052181,0.4096670272950284,0.5496327891743831,0.8789673500379651,stressed
2023-12-18,0.10350834824570096,0.41113362473492954,0.5514773982452715,0.8802367941712204,stressed
2023-12-19,0.10218584473322889,0.41407687687915395,0.5534744886401364,0.8799878622363829,stressed
2023-12-20,0.10126948589107426,0.4040124476272928,0.5455692096708523,0.8709432817713072,stressed
2023-12-21,0.10052702379627963,0.3980070567487415,0.5408068523729899,0.8632711838714567,stressed
2023-12-22,0.10055561016381306,0.3988673421595331,0.5409851421117945,0.8633333333333333,stressed
2023-12-26,0.10022785136244713,0.3977443835104494,0.5404320566329869,0.8614266242616994,stressed
2023-12-27,0.09847434083033889,0.3859934690514316,0.5327175565784517,0.8474114441416893,stressed
2023-12-28,0.09608298332133619,0.37878150433277225,0.5272826716925788,0.8399152670600696,stressed
2023-12-29,0.09606418309676136,0.37856179872080703,0.5259675110305981,0.8386267392619479,stressed
2024-01-02,0.09725077176615075,0.38772528230997955,0.5329216271465669,0.8467120181405895,stressed
2024-01-03,0.09760165945008174,0.39468538275858067,0.5385453804499628,0.8566032033847083,stressed
2024-01-04,0.0958829734544568,0.3863554867359086,0.5341011118641807,0.8460957559281076,stressed
2024-01-05,0.09610555173951534,0.3860369436519966,0.5335000932965487,0.8458635265700484,stressed
2024-01-08,0.09543714524085826,0.3784931216156153,0.5309983202856113,0.8414063678889391,stressed
2024-01-09,0.09187741590483496,0.36163784012055983,0.5170270563693206,0.8226244343891403,stressed
2024-01-10,0.0903517295016154,0.37249884845420106,0.5229282042327373,0.8300919644203226,stressed
2024-01-11,0.09009012430005725,0.38500159021467895,0.5339155524707554,0.8402652200120554,stressed
2024-01-12,0.08938601667684642,0.38293973697602246,0.5324642011282971,0.836571772857358,stressed
2024-01-16,0.09178763252329102,0.4130935435613751,0.5487625714038596,0.8646492020475761,stressed
2024-01-17,0.09137996882378717,0.42553098143027795,0.5553149019213728,0.8702784048156508,stressed
2024-01-18,0.09132998508867882,0.4261047874190935,0.5551115373295061,0.8697352587244284,stressed
2024-01-19,0.09127680942410518,0.4286535821070541,0.5562815388307254,0.8714479025710419,stressed
2024-01-22,0.09113383646697622,0.4360487517929462,0.562489114884576,0.876765855124737,stressed
2024-01-23,0.0886945551177247,0.4294578055616866,0.556159990248008,0.8663061439086676,stressed
2024-01-24,0.08903748724819639,0.44409027262535067,0.5670540666053533,0.875975975975976,stressed
2024-01-25,0.08916643570940586,0.4505848016295501,0.5705668250331497,0.8805342938616239,stressed
2024-01-26,0.08934760353006763,0.4604302596032464,0.5780759113743291,0.8844884488448845,stressed
2024-01-29,0.08966561143871352,0.46354234746989303,0.5801244833976552,0.8867896236317288,stressed
2024-01-30,0.0884827171493271,0.468983814507573,0.584020663944891,0.8868405275779377,stressed
2024-01-31,0.08576717972282265,0.44340659299335644,0.5645418273168854,0.8674157303370786,stressed
2024-02-01,0.0872024388981563,0.45838539157041297,0.575715594544248,0.8800539083557951,stressed
2024-02-02,0.08828737242364705,0.4481138708328626,0.5708508527595414,0.8778625954198472,stressed
2024-02-05,0.09083514805657647,0.46934150096182725,0.5881246809237186,0.8946738479952124,stressed
2024-02-06,0.09125727608871759,0.48179382848507285,0.5984862545278525,0.9005533123971885,stressed
2024-02-07,0.08908163547192544,0.47478829178726284,0.5939826898496529,0.892675635276532,stressed
2024-02-08,0.08933663160745972,0.48811466305788215,0.6028827895355902,0.8981024951441805,stressed
2024-02-09,0.0893788395053287,0.4889787845405368,0.6038227397160574,0.8985961768219832,stressed
2024-02-12,0.08318569726381743,0.4444902127328098,0.5741638109616618,0.8663979698462457,stressed
2024-02-13,0.08635184372316558,0.4713016117471621,0.5906818568573506,0.8861533870486422,stressed
2024-02-14,0.08569752887252378,0.47184169734350956,0.5905360000076632,0.8847129008202833,stressed
2024-02-15,0.08606844120878139,0.4757662348784016,0.5931506980290296,0.8875968992248061,stressed
2024-02-16,0.08598838030141524,0.47324352703438743,0.5913077168099509,0.886008046490836,stressed
2024-02-20,0.08595200897958986,0.473562817192039,0.5922625008345443,0.8860589812332441,stressed
2024-02-21,0.08607331084559162,0.4760124860264554,0.5942759431758202,0.8883430102724429,stressed
2024-02-22,0.0867388837319937,0.4905157943696139,0.6077007945695232,0.8971726190476191,stressed
2024-02-23,0.08636386299760859,0.49274021984189026,0.6083428769810176,0.8973672467648371,stressed
2024-02-26,0.08603917860542593,0.49409361634815274,0.6086988565955709,0.8972643473089503,stressed
2024-02-27,0.08582088415995326,0.49903137905341766,0.6124067278857943,0.8982018130480012,stressed
2024-02-28,0.08513948802590585,0.49757561918311416,0.6101192864962107,0.8954248366013072,stressed
2024-02-29,0.08164125918741715,0.474286324048938,0.5907748595093498,0.8708240534521159,stressed
2024-03-01,0.0812839241996241,0.47246585423014836,0.5897717584718024,0.8683585633719204,stressed
2024-03-04,0.08098747595907167,0.47793102841216006,0.594963538663108,0.8713840676457499,stressed
2024-03-05,0.0810591044950091,0.4732754552280586,0.593911182022731,0.8696619217081851,stressed
2024-03-06,0.08151130055814684,0.4785783442781787,0.597968229507358,0.8744627241737067,stressed
2024-03-07,0.0809320368968524,0.4799849120386777,0.5967995594642129,0.8714074074074074,stressed
2024-03-08,0.08074456308615452,0.47945626313897344,0.597014560162099,0.8704279579446172,stressed
2024-03-11,0.0807144283302093,0.481075650768174,0.5985239156397159,0.8716696269982238,stressed
2024-03-12,0.07442538572231736,0.43523088729782533,0.5686774622497036,0.8205355821867141,stressed
2024-03-13,0.07086596452037275,0.4193183041978282,0.5534545843516289,0.7951789411416742,stressed
2024-03-14,0.07173887017365796,0.4287309704519906,0.5618556294763974,0.8063562453806356,stressed
2024-03-15,0.07191052504561345,0.4333993826660916,0.5644969523164736,0.8086583924349883,stressed
2024-03-18,0.07124342974019829,0.4274185235584726,0.5608378385261501,0.8019494904740806,stressed
2024-03-19,0.07096628729392417,0.43648651802809313,0.5699773136600196,0.8123708296427518,stressed
2024-03-20,0.07160219235038569,0.4442068872743918,0.5753601793921501,0.8180610889774237,stressed
2024-03-21,0.07165231255069623,0.42877946997897737,0.5629051264342105,0.8058997050147493,stressed
2024-03-22,0.07131539517917945,0.4148284734865445,0.5506643455970571,0.7922748046587057,stressed
2024-03-25,0.06962713846198527,0.4045403207451307,0.5412437401470007,0.7771883289124668,stressed
2024-03-26,0.06907426182078603,0.3991889593299168,0.5371194034528735,0.7687435557519517,stressed
2024-03-27,0.07001088390578686,0.4083190763548168,0.543696076579697,0.7810659599528859,stressed
2024-03-28,0.06878461953686624,0.3918405998470199,0.5324246344563142,0.758793230316409,stressed
2024-04-01,0.06949835975896043,0.3894290816793085,0.5308960972526782,0.7600764930862018,stressed
2024-04-02,0.06880931083688363,0.3820946040998372,0.5274726777712314,0.7507719453021614,stressed
2024-04-03,0.06882926129665842,0.3854657209593497,0.5304560893247395,0.7547031158142269,stressed
2024-04-04,0.06834914419759483,0.38574884242402835,0.530747341755904,0.7529014250036727,stressed
2024-04-05,0.06818690448817732,0.3685300324735773,0.5179134459167399,0.7355359765051395,stressed
2024-04-08,0.06821678777521915,0.37195545543484404,0.5205702319789169,0.7399089975047702,stressed
2024-04-09,0.06852217176084759,0.3756450668614703,0.5234110372888148,0.7454518779342724,stressed
2024-04-10,0.07413924558455391,0.4244937103336538,0.5586245608519971,0.8074497726939435,stressed
2024-04-11,0.0714388679406818,0.3946029780284015,0.5343182310954463,0.7733802403987099,stressed
2024-04-12,0.07216899154452361,0.39545384274956896,0.5302588516821257,0.7715750915750915,stressed
2024-04-15,0.07274447796813542,0.37726033664955183,0.517537482415474,0.7539543057996485,stressed
2024-04-16,0.07264169972158148,0.3792222031547147,0.5188553458118359,0.7555262772654077,stressed
2024-04-17,0.07259872656178086,0.3700584820497592,0.5125024083677406,0.7452443664032778,stressed
2024-04-18,0.07259085525013931,0.37183049767807586,0.5133767713731823,0.746379991224221,stressed
2024-04-19,0.07244076837044941,0.3722823067288705,0.5130860642812337,0.7461988304093566,stressed
2024-04-22,0.07236835438956198,0.3536087255183739,0.5039038208059974,0.7322811632325004,stressed
2024-04-23,0.07265610780156272,0.3492825357353702,0.5012406857379553,0.7291849255039438,stressed
2024-04-24,0.07180748104929202,0.3425572195646577,0.49662798656443063,0.7160169367790918,stressed
2024-04-25,0.07169352143273752,0.3405401030305958,0.49489339288498446,0.7123467600700525,stressed
2024-04-26,0.07208285840585031,0.3531643493669617,0.5039336297874918,0.7318745441283735,stressed
2024-04-29,0.06876195175587393,0.32534240208403603,0.4867187710073536,0.6831437736949549,transitional
2024-04-30,0.0707103566789317,0.3555479585065438,0.5019047605927803,0.725258708643055,stressed
2024-05-01,0.06820189122646816,0.3334511596564434,0.4840906528594284,0.6790501165501165,transitional
2024-05-02,0.06779053242248212,0.32785364424101954,0.48165011481670184,0.6705985146352119,transitional
2024-05-03,0.06878434612473687,0.33488240912317935,0.4893327193668555,0.6899563318777293,transitional
2024-05-06,0.06938229618013893,0.33934776134009714,0.49203556449992125,0.6991124690819147,transitional
2024-05-07,0.0693848410418385,0.33704734754873666,0.489707393229312,0.6944444444444443,transitional
2024-05-08,0.06964659385100133,0.3394864730938605,0.49100613798446874,0.6998110190434655,transitional
2024-05-09,0.06562991186391877,0.3075731978723782,0.4702145176879133,0.6333914559721011,transitional
2024-05-10,0.06538915706853093,0.30700240213039387,0.4691968283878702,0.6305010893246187,transitional
2024-05-13,0.06486878378009972,0.29748164361917795,0.46412845858192064,0.6152729384436701,transitional
2024-05-14,0.06522054999644637,0.30260831128844334,0.4668778076973553,0.6221158032215934,transitional
2024-05-15,0.06856310632502662,0.3355472552336873,0.49028406437226674,0.6904554685233536,transitional
2024-05-16,0.06861980329009179,0.33767304802961423,0.4918694342745319,0.6952298100623459,transitional
2024-05-17,0.06786080258239946,0.33476564725696345,0.4886796277249292,0.6833333333333332,transitional
2024-05-20,0.0673756392181059,0.33489462903090134,0.48957628479014603,0.6833260901057511,transitional
2024-05-21,0.06714212219540223,0.3338313453357488,0.4897151169967329,0.6817260353315957,transitional
2024-05-22,0.06777266685865749,0.333468190279192,0.4897518295722657,0.6844695324938487,transitional
2024-05-23,0.07006328130287416,0.34903246526406323,0.4990125074697074,0.71875,stressed
2024-05-24,0.07014176990890438,0.35331225922701204,0.503383405722662,0.7255242227042661,stressed
2024-05-28,0.06823090977344447,0.3292213022925075,0.4883624594516804,0.681266261925412,transitional
2024-05-29,0.07008232437809082,0.3495213404243622,0.5014111202647896,0.722294466117613,stressed
2024-05-30,0.06995677516105929,0.354264852676904,0.5062013347715442,0.727469670710572,stressed
2024-05-31,0.06954225869910033,0.3467006876293841,0.5037171191671619,0.7200808430778114,stressed
2024-06-03,0.07057718182685989,0.3520532688745539,0.506767529059218,0.7297258297258297,stressed
2024-06-04,0.07058985761552063,0.3485112689316344,0.5049260355508124,0.7263810760132698,stressed
2024-06-05,0.0719217936570495,0.3564577304927417,0.5092502163083737,0.7397635524798155,stressed
2024-06-06,0.07166364160616781,0.3632057250945643,0.5153550517524238,0.7457846952010376,stressed
2024-06-07,0.07746012391847333,0.3945423264031079,0.5320158823502559,0.7941515413425527,stressed
2024-06-10,0.07622264975940772,0.3856342373753733,0.5254809636510992,0.7786897048236141,stressed
2024-06-11,0.0764170584352419,0.3867797295941298,0.5266377218781264,0.7803684513529072,stressed
2024-06-12,0.07719469192164304,0.3944143530956006,0.533402643361248,0.7938426125737305,stressed
2024-06-13,0.0772126992666581,0.38589301569533174,0.5268588049570773,0.7830025884383088,stressed
2024-06-14,0.07673779243651725,0.37396610353153864,0.5192497953713832,0.7694408509414977,stressed
2024-06-17,0.07687282283893045,0.38144360725136744,0.5244023977670517,0.7778735632183907,stressed
2024-06-18,0.07720883887248359,0.3900873248232205,0.5317012848237048,0.7904638805112739,stressed
2024-06-20,0.07719150753662672,0.3912755344554718,0.5353553255279104,0.7939994257823715,stressed
2024-06-21,0.07765383092829946,0.3923083977662548,0.5359775388530751,0.7979624049361459,stressed
2024-06-24,0.0765829585841348,0.38392306642389606,0.530000618888566,0.7809810671256455,stressed
2024-06-25,0.07652207190437811,0.38523843437764727,0.5303720567304707,0.7817921146953406,stressed
2024-06-26,0.0770431368111273,0.39607878857499074,0.5333497984044575,0.79378045285182,stressed
2024-06-27,0.07739949182511242,0.40491750057081183,0.5387824407446858,0.8067612089958459,stressed
2024-06-28,0.07822124638727711,0.4054357370001451,0.5395916919522992,0.8130011454753724,stressed
2024-07-01,0.0784883201832291,0.40745433372021234,0.5416015146692269,0.8160870187491055,stressed
2024-07-02,0.07899093267329324,0.42681585984779663,0.557333656337397,0.8333333333333334,stressed
2024-07-03,0.08067790954175535,0.4388049170438336,0.565993307375478,0.847990847990848,stressed
2024-07-05,0.08153546796606423,0.44699535353234465,0.5718010574399092,0.8590623213264723,stressed
2024-07-08,0.07654355959205734,0.4084944760057071,0.5401706511092736,0.8011144449207029,stressed
2024-07-09,0.07621277602389386,0.4146022849006689,0.545402901372552,0.8047700656955156,stressed
2024-07-10,0.07555451040116189,0.42710779075804695,0.5590811650496363,0.8155603140613849,stressed
2024-07-11,0.0756254263766904,0.43733215707782297,0.5624673153772594,0.8213470319634703,stressed
2024-07-12,0.07555400955573276,0.43619430891399275,0.5615508201056659,0.819854514334617,stressed
2024-07-15,0.07588816214625717,0.4435824321650152,0.5675667768606292,0.8280581693755346,stressed
2024-07-16,0.07762460811930393,0.4486299783569911,0.5704350384181922,0.841100185264358,stressed
2024-07-17,0.07796320168656982,0.4462352967391504,0.569327206744169,0.8408831908831909,stressed
2024-07-18,0.07889201041326568,0.47252764666530755,0.5877990062536818,0.8618823864445394,stressed
2024-07-19,0.08050629997288536,0.49132460980053694,0.6017039246007977,0.8775974950185027,stressed
2024-07-22,0.08024351359236268,0.48809746731630693,0.5995156559512063,0.8759425238298477,stressed
2024-07-23,0.08021042399136918,0.49550601884789247,0.6055521026410136,0.8802616609783845,stressed
2024-07-24,0.082257745354094,0.49841083644801876,0.6084311182836035,0.8912579957356077,stressed
2024-07-25,0.08223736516068086,0.4881021062256149,0.5986539479356825,0.8829212844558114,stressed
2024-07-26,0.07974205202616767,0.4683611764210672,0.5846156905537242,0.8595369975855703,stressed
2024-07-29,0.07958035330657581,0.4715973841357157,0.5868548950240579,0.861442362294151,stressed
2024-07-30,0.07931487010710214,0.46616384253108833,0.5828155514583326,0.857244217397474,stressed
2024-07-31,0.08108039321688293,0.47921382099725296,0.5919442841656509,0.8730496453900708,stressed
2024-08-01,0.08082092565050428,0.4551582997554183,0.5713180137770674,0.8539628526868,stressed
2024-08-02,0.0812935015382794,0.4141423646000331,0.5451594318890308,0.8251133786848074,stressed
2024-08-05,0.0831964578248202,0.4146061836139002,0.5442590169857763,0.8315625442697265,stressed
2024-08-06,0.08388160279282485,0.406531900005744,0.5436489054370487,0.8300764655904843,stressed
2024-08-07,0.08434534713163183,0.411482896455463,0.5470770373556663,0.8352441613588111,stressed
2024-08-08,0.08548282610787511,0.4109959915239375,0.544970295249348,0.8360215053763441,stressed
2024-08-09,0.08541713333644539,0.4092334518819244,0.5434926164900683,0.83382831282704,stressed
2024-08-12,0.08310287840575824,0.3864058416546643,0.5276582770862104,0.8015267175572519,stressed
2024-08-13,0.08411553419268868,0.39142442667368416,0.5300733347491992,0.80811078140455,stressed
2024-08-14,0.08404260083040016,0.3932423008949112,0.5315263683592331,0.8110169491525424,stressed
2024-08-15,0.0841043421424975,0.38472020199961027,0.5257538147999922,0.7998023436397007,stressed
2024-08-16,0.08529910515473191,0.3866333407519356,0.5274519513045044,0.8063787750493931,stressed
2024-08-19,0.0848454511147464,0.38796242842333156,0.5284253639421285,0.8074481591197631,stressed
2024-08-20,0.08294128835416367,0.3777847138078584,0.5221278044910092,0.7910321489001692,stressed
2024-08-21,0.08282950247306531,0.3754202748354397,0.5203854691637078,0.7878787878787877,stressed
2024-08-22,0.08427005143536245,0.3947168795492698,0.5354113387843604,0.817695125387433,stressed
2024-08-23,0.0838377730713058,0.39010939947378853,0.5311720595876198,0.8080552034924658,stressed
2024-08-26,0.08390693088933847,0.39483990341966657,0.5335674792278218,0.814329954954955,stressed
2024-08-27,0.08381471393936737,0.39298646872235776,0.5318315043402966,0.8099057267482763,stressed
2024-08-28,0.0834705311685459,0.3931566896615739,0.5304076475555537,0.8068917018284107,stressed
2024-08-29,0.08350899056010742,0.39889135651595564,0.5355329083492595,0.8166736960494868,stressed
2024-08-30,0.08284935566004221,0.39150469897763246,0.5330451852553885,0.8069139966273187,stressed
2024-09-03,0.08297630644053984,0.3784057942109371,0.5240957150977535,0.7912628178114903,stressed
2024-09-04,0.07743279219756474,0.35186508947514855,0.5002917123378958,0.7298511654029767,stressed
2024-09-05,0.0776330517662412,0.3559526470563902,0.5043272589235829,0.7383859649122807,stressed
2024-09-06,0.0785118542961313,0.36099311372915854,0.506958421690504,0.7491582491582491,stressed
2024-09-09,0.07804764742547735,0.35101403833338307,0.5000997066061038,0.7327163090730613,stressed
2024-09-10,0.07823023080370442,0.36119476856849786,0.5089002826317903,0.7496495654611719,stressed
2024-09-11,0.07806351466522733,0.3692115373302728,0.5167384408935258,0.757601233011069,stressed
2024-09-12,0.078309160049378,0.3684362925975386,0.5132857241914062,0.7556022408963585,stressed
2024-09-13,0.07834128543683633,0.36918379448333827,0.5139396485592903,0.75682486350273,stressed
2024-09-16,0.07857832356480071,0.3744110066204804,0.5186111604997427,0.765883011474951,stressed
2024-09-17,0.07840461723206296,0.37700228662714924,0.520814153329622,0.7689187298922926,stressed
2024-09-18,0.07939041636883039,0.3787290789596655,0.5211727917008837,0.7754474272930648,stressed
2024-09-19,0.08048952658592237,0.3795793523496592,0.5194991044370499,0.7754018169112508,stressed
2024-09-20,0.0789080723841483,0.3664285322040269,0.50737403750455,0.7511874825370214,stressed
2024-09-23,0.07870642389046464,0.3651800495254022,0.5061973849736905,0.7489177489177489,stressed
2024-09-24,0.07765532242138962,0.3617157867206786,0.5045062229704745,0.7377163595756561,stressed
2024-09-25,0.07809531708871696,0.3726435418120825,0.5141779425060079,0.754569554904423,stressed
2024-09-26,0.0779189012050718,0.36943312986910176,0.5116543102325777,0.7481171548117155,stressed
2024-09-27,0.07659299558335401,0.3536142557748239,0.49803109434477066,0.7169942841210094,stressed
2024-09-30,0.07576318322467773,0.3452392638166622,0.49230944496401435,0.7013656633221851,transitional
2024-10-01,0.07552057663008176,0.33399705219981685,0.48290260705979193,0.680596183312439,transitional
2024-10-02,0.07568399646734651,0.3344925895267694,0.48318199597677974,0.6815650236702869,transitional
2024-10-03,0.07662985433836765,0.33884440074597,0.48872273601625993,0.6961725817675714,transitional
2024-10-04,0.07616010404633132,0.33447202732888226,0.48281183955008966,0.6825264329437952,transitional
2024-10-07,0.07694563755926251,0.3414828992765143,0.48763093028883375,0.6982339034904742,transitional
2024-10-08,0.07670084274189232,0.34100119812471175,0.4873601968586605,0.6954406449819294,transitional
2024-10-09,0.07469056808191515,0.3312192786642899,0.481302425006398,0.6716687508684175,transitional
2024-10-10,0.07433158967756694,0.3320025808383377,0.481582204277142,0.6705555555555556,transitional
2024-10-11,0.0731309979534651,0.31862472049166074,0.47160761341849,0.646674996529224,transitional
2024-10-14,0.07121584202398283,0.3071569114078915,0.46369961277151217,0.6226755481543159,transitional
2024-10-15,0.07129785943241139,0.3048789620379816,0.463059823666732,0.6199195450131779,transitional
2024-10-16,0.07130072553707857,0.2989762002442747,0.45797882949366,0.6121741541874653,transitional
2024-10-17,0.06901063334215439,0.27622923850852626,0.4434176623075137,0.5693693693693694,transitional
2024-10-18,0.06879618289628289,0.285193170136727,0.45154697450369113,0.586450540315877,transitional
2024-10-21,0.06936872158302296,0.2855953281041162,0.45374907093969,0.5927156903475973,transitional
2024-10-22,0.06942346767045932,0.28543204260998245,0.4541208605023825,0.5934385382059801,transitional
2024-10-23,0.07092197577275283,0.29877582215244164,0.4615131607778788,0.6142244361422444,transitional
2024-10-24,0.06844733277782014,0.2836242813263963,0.45487368602027695,0.5874135546334717,transitional
2024-10-25,0.06819325029878699,0.295625671783649,0.4675346442033422,0.6087377298493019,transitional
2024-10-28,0.06753911392243543,0.3268815094299725,0.4794367333727632,0.6376451077943615,transitional
2024-10-29,0.06518891991801519,0.3253118647194625,0.48187977695509937,0.6285398535709352,transitional
2024-10-30,0.06325882329510558,0.3185835753100771,0.4699649181439434,0.5918254625793979,transitional
2024-10-31,0.06530023728355466,0.32600889021079676,0.47319311277813386,0.6171152518978607,transitional
2024-11-01,0.06434265870820707,0.3232596895440552,0.47265056334720923,0.6096854304635762,transitional
2024-11-04,0.0644407951752024,0.3175412457668601,0.46994341680528945,0.6015721969383533,transitional
2024-11-05,0.0648341268432102,0.3261653866305074,0.4750878870520827,0.6173145850565206,transitional
2024-11-06,0.06737877032994871,0.2999331015195653,0.5044445659697592,0.6662532727022185,transitional
2024-11-07,0.0708665711050409,0.3326267980973458,0.5260432463393303,0.7199724517906336,stressed
2024-11-08,0.07083226480914086,0.32789574259805654,0.5174569264985877,0.708247280737987,stressed
2024-11-11,0.07074547275625846,0.323457440553859,0.5137380922650688,0.7007982383704926,transitional
2024-11-12,0.07287145260393911,0.3387384129597911,0.5259579956468243,0.7320126564864493,stressed
2024-11-13,0.0733535695462801,0.34261784959198477,0.5277453136718161,0.7372112211221121,stressed
2024-11-14,0.07328838926503062,0.3403792498069166,0.5257372522320783,0.7331958762886598,stressed
2024-11-15,0.07244611815890582,0.3353076205555673,0.5236595828544153,0.7271228359439407,stressed
2024-11-18,0.07134522296943847,0.3207303829398235,0.517425058313599,0.7067710479329762,stressed
2024-11-19,0.0718370982247725,0.32361787864317926,0.5190484372857114,0.7118341570565624,stressed
2024-11-20,0.07177429891025276,0.32524032096883876,0.5203404827708836,0.713874022231371,stressed
2024-11-21,0.07133869443569528,0.319296563461723,0.5179218670457351,0.7061728395061729,transitional
2024-11-22,0.0715093325706508,0.3147127640333074,0.5141124954452342,0.6997120526532292,transitional
2024-11-25,0.07151283770810747,0.274352232999705,0.47350619194283056,0.6244517543859649,transitional
2024-11-26,0.07143217037486267,0.2889428602659607,0.4799171141723699,0.6409097136594054,transitional
2024-11-27,0.07140572677060812,0.28675931418793377,0.48034361213143906,0.6400986031224322,transitional
2024-11-29,0.07237541584935567,0.29651188944540663,0.4833748518312731,0.6548939082819986,transitional
2024-12-02,0.0714969648760583,0.28916029224741985,0.47999016595062166,0.6410782703886152,transitional
2024-12-03,0.07127652780636565,0.2887273535294539,0.48005940266815933,0.6393106278210915,transitional
2024-12-04,0.07173578616181195,0.292246704232549,0.48187285829166343,0.6471151216844407,transitional
2024-12-05,0.07173058347265268,0.2905951282190312,0.48025386466129294,0.6432964329643296,transitional
2024-12-06,0.07099080878584013,0.289863114318588,0.48292575877821914,0.6441256830601093,transitional
2024-12-09,0.07051307251681266,0.2829925965163074,0.4786977238451851,0.6287040830260822,transitional
2024-12-10,0.06996152606496213,0.2779166425469333,0.4738625371509964,0.6175266175266175,transitional
2024-12-11,0.0697299511184329,0.2727188381103612,0.4717160712353759,0.6084049665711557,transitional
2024-12-12,0.07128419975904075,0.2896954452465573,0.48261866747602933,0.644708128750682,transitional
2024-12-13,0.07067380592679227,0.2850819089327761,0.48789419641307236,0.6474437627811861,transitional
2024-12-16,0.07087218357571115,0.28919438250203805,0.4893295107574084,0.6531752521122921,transitional
2024-12-17,0.07085462793973173,0.2880998046097846,0.4896793736451518,0.6529083231167415,transitional
2024-12-18,0.07787372931990781,0.3515758533081795,0.514190356420857,0.7476851851851851,stressed
2024-12-19,0.07787242692886188,0.3491880839722779,0.5128429990837522,0.7442493534776099,stressed
2024-12-20,0.07917651584999659,0.36310356154493906,0.5214845815791955,0.7731972789115646,stressed
2024-12-23,0.07931203937637274,0.3663683281446849,0.5255618174071343,0.7780497756017951,stressed
2024-12-24,0.07975611137918995,0.3700244845674016,0.5270312039448672,0.782626427406199,stressed
2024-12-26,0.07978384493929364,0.3836310409061633,0.5375984860701469,0.8021470308465823,stressed
2024-12-27,0.08029917995296985,0.3802153899664732,0.5336464330910946,0.7972018473240968,stressed
2024-12-30,0.07950758656223365,0.3710379152892477,0.5269334057653193,0.7815342837746097,stressed
2024-12-31,0.07945471511307287,0.37611529938311966,0.5297619669684044,0.7870521172638436,stressed
2025-01-02,0.07875686567076505,0.3550726612128334,0.5139658302996898,0.755257088590422,stressed
2025-01-03,0.07869114949079266,0.35077854916137946,0.5109751466123699,0.7480336316788717,stressed
2025-01-06,0.07868158552111323,0.3460121583481086,0.5049469686663567,0.7402738240477159,stressed
2025-01-07,0.07922530828061988,0.3480865535878829,0.5060963810307114,0.7451219512195122,stressed
2025-01-08,0.07897166839971771,0.33941970757130335,0.4993736118192119,0.7310036570499797,stressed
2025-01-10,0.07970567625474395,0.338995565496157,0.49950874180776733,0.7342269157866234,stressed
2025-01-13,0.07954896600628902,0.34372970741579456,0.5017061783825641,0.7400189470835025,stressed
2025-01-14,0.07948795635023093,0.3483277981080025,0.5058845225575547,0.7463474025974026,stressed
2025-01-15,0.08322569856626132,0.38022344487190085,0.5281868866702246,0.8031102096010817,stressed
2025-01-16,0.08300273625758024,0.37902860249639214,0.5279780548434005,0.8017031630170317,stressed
2025-01-17,0.0819543415793198,0.3751893164969372,0.524974756381826,0.7908390758005676,stressed
2025-01-21,0.08486683686223499,0.3942271267605332,0.5374179603316195,0.828471096704484,stressed
2025-01-22,0.0839072771705899,0.38598337487794326,0.5324388188603122,0.8128797083839611,stressed
2025-01-23,0.08334469248980551,0.3796157863904745,0.5272735891469185,0.8006747638326587,stressed
2025-01-24,0.08374402565859738,0.3766793110440575,0.5257257597541443,0.7979225684608121,stressed
2025-01-27,0.0837686387005879,0.36114918407818253,0.5152487601309481,0.7781823085221143,stressed
2025-01-28,0.08357118752818489,0.3570384754890881,0.5124961996476737,0.7718021296670711,stressed
2025-01-29,0.08368626198846557,0.3587508337132818,0.5136088276806737,0.7747237941255726,stressed
2025-01-30,0.08263924643821323,0.3546338040136656,0.5131097263206575,0.7674074074074074,stressed
2025-01-31,0.08260031273718765,0.36154421643757306,0.518883398087101,0.778675282714055,stressed
2025-02-03,0.08206685871163949,0.3618833336501842,0.5188490884177387,0.7768806351769614,stressed
2025-02-04,0.0819447620526831,0.3604308725036379,0.51735221830698,0.7728006456820017,stressed
2025-02-05,0.07999851241167187,0.39229505485428395,0.5336087262307034,0.8026085787279817,stressed
2025-02-06,0.07686719227723342,0.3697641553369271,0.5192048004937362,0.7504032258064517,stressed
2025-02-07,0.07727600093450293,0.3802447546870721,0.5275115625229235,0.7690447400241838,stressed
2025-02-10,0.07629931582845427,0.3737491442627296,0.5235448466764514,0.7549019607843137,stressed
2025-02-11,0.0738921328403938,0.3505066086113815,0.5075237555825755,0.7128473620620217,stressed
2025-02-12,0.07359663633989835,0.34465208877826464,0.5045114409904431,0.7049114331723026,transitional
2025-02-13,0.07657130521823417,0.36993675790441316,0.5232574641739782,0.7538564721663313,stressed
2025-02-14,0.07598415899499682,0.36154429384267206,0.5205652618089986,0.7447036739072136,stressed
2025-02-18,0.07499549534028391,0.3455721633203972,0.5122503346252124,0.7192065406781932,stressed
2025-02-19,0.0746326586356199,0.34312116993827324,0.5111614717668994,0.714764201500536,stressed
2025-02-20,0.07466406447894859,0.34072050875814486,0.5091088385171552,0.7116646578277755,stressed
2025-02-21,0.0746989874588712,0.32757128120110673,0.49652262578680506,0.6866131191432396,transitional
2025-02-24,0.07459895154310922,0.3298587937405294,0.49727533428951637,0.6878094473437709,transitional
2025-02-25,0.07450258163336008,0.3624666982533036,0.5098164285055355,0.7237827715355806,stressed
2025-02-26,0.0745792878953149,0.36427224459845536,0.5112637390802274,0.7263003075277443,stressed
2025-02-27,0.07696821515777594,0.38477590073810847,0.5237621637943728,0.7662389735364877,stressed
2025-02-28,0.07628622583508811,0.3675390009482919,0.5135980619170102,0.7376085504342017,stressed
2025-03-03,0.07634557110316798,0.35699092401622023,0.5068127878801167,0.7247596153846153,stressed
2025-03-04,0.07643929017545024,0.3475825004240961,0.500605924087778,0.711120010679482,stressed
2025-03-05,0.0757552762901489,0.33367880100106173,0.4884727866041011,0.6792100346944222,transitional
2025-03-06,0.07685185779066128,0.3411446995080832,0.492738937534572,0.6984126984126985,transitional
2025-03-07,0.07684814794503841,0.3400315165017871,0.4917479473249511,0.6960000000000001,transitional
2025-03-10,0.07752406735978258,0.32771488364385754,0.47940396445250083,0.67119818739171,transitional
2025-03-11,0.07750704129438407,0.3197819763642242,0.47315528290487835,0.6580069277911004,transitional
2025-03-12,0.07750062359780832,0.3233634772168063,0.47529961619619243,0.6624051138633639,transitional
2025-03-13,0.07554915496919393,0.2993175018079136,0.46010632354270276,0.6152822151224707,transitional
2025-03-14,0.07450133936921917,0.2832520996874459,0.4498472879942993,0.5889554224883566,transitional
2025-03-17,0.07486222368203592,0.2861599100414,0.45155777673626585,0.5963022080340515,transitional
2025-03-18,0.0748380743205826,0.28387121942196897,0.4504277564802464,0.5928732881265789,transitional
2025-03-19,0.06622441711402315,0.2116042184872467,0.4145505295140743,0.43261562998405106,calm
2025-03-20,0.065289873225771,0.2069523688262142,0.41037052680655095,0.4102564102564103,calm
2025-03-21,0.0643976130026725,0.19930911345149022,0.4072885968403477,0.38857901726427624,calm
2025-03-24,0.06401775333972971,0.18849333057843334,0.40248136806712626,0.365989645559538,calm
2025-03-25,0.06372191549701083,0.1887149351180214,0.4022484476516567,0.36332271762208074,calm
2025-03-26,0.064921225663896,0.19863455161731322,0.4067131065705292,0.3902374320201618,calm
2025-03-27,0.06389892033534526,0.1924215564783225,0.405227685237478,0.3728453990983824,calm
2025-03-28,0.06383202335773114,0.18675897987804654,0.4039643830176755,0.3639496355202121,calm
2025-03-31,0.06465449038218046,0.18947709737240043,0.40273559890342053,0.372284048754637,calm
2025-04-01,0.06475739721816845,0.1970251470667713,0.40487587714521794,0.3847172559925838,calm
2025-04-02,0.06489660329726227,0.20287979259507843,0.40628391758155324,0.39528726502515227,calm
2025-04-03,0.06771540856128126,0.19238533188614104,0.4051473710796909,0.394733359798862,calm
2025-04-04,0.07666988005089706,0.21696796235776378,0.39542794694254507,0.45211640211640214,calm
2025-04-07,0.08441610524461222,0.28029802523954006,0.4457043015971,0.6345365595663096,transitional
2025-04-08,0.08506624505020789,0.2758949485351655,0.43895664502483234,0.6214644462067143,transitional
2025-04-09,0.10877717918072065,0.33101935047905184,0.4749525198695513,0.7339146518694676,stressed
2025-04-10,0.1111609317455193,0.28240859309359967,0.4401739064443288,0.6590068674062335,transitional
2025-04-11,0.1105578707696672,0.2794230507192372,0.4357681510377713,0.6485808580858087,transitional
2025-04-14,0.11094177962056825,0.27919767201877144,0.4358251805390181,0.6496437054631828,transitional
2025-04-15,0.1110356320684597,0.28208530583066616,0.43744296709379615,0.653475794750033,transitional
2025-04-16,0.10932713482613392,0.2584638556451918,0.42364662035111933,0.6149789029535865,transitional
2025-04-17,0.10948153366061755,0.2590732057470705,0.42413853987523115,0.6168446026097272,transitional
2025-04-21,0.10963149006239048,0.23400382491737273,0.41178000077856736,0.5681159420289855,transitional
2025-04-22,0.1095254678752541,0.2240976830103266,0.40900590209247334,0.5535361517186882,transitional
2025-04-23,0.10947882547213701,0.21921351815068535,0.4111319930952408,0.5545023696682464,transitional
2025-04-24,0.11210831809768748,0.2358672182073484,0.4178210045646376,0.5874457165416501,transitional
2025-04-25,0.11194933145793205,0.23027416053412658,0.4164439666569871,0.5777426992896606,transitional
2025-04-28,0.11220135794342052,0.2350219621723026,0.41713600487865127,0.5851413543721236,transitional
2025-04-29,0.11189126939000045,0.22904932151145863,0.41536705844719896,0.5749211356466877,transitional
2025-04-30,0.11252486448508286,0.23548901937094321,0.41747165417565146,0.5869136775719354,transitional
2025-05-01,0.11269107541524363,0.23540966437377775,0.4169612533709776,0.5848437089571841,transitional
2025-05-02,0.11190092007233553,0.23126710412470836,0.4133723935369756,0.5718786923985821,transitional
2025-05-05,0.11204719548169567,0.22546409609018142,0.4123147630707558,0.5645669291338583,transitional
2025-05-06,0.11222534629541084,0.22425094199231338,0.411159785641624,0.5604092876820149,transitional
2025-05-07,0.11221786030755074,0.2240091903316273,0.41083960821759924,0.5588775242591136,transitional
2025-05-08,0.11315995975823886,0.2328852926639807,0.4125091432977662,0.573469655262813,transitional
2025-05-09,0.11279870301702383,0.23174105736906253,0.4119279856310947,0.5693134171907757,transitional
2025-05-12,0.11098412123974814,0.21104850450696308,0.40225644094956703,0.5261296660117879,transitional
2025-05-13,0.11113086112746755,0.2133206896022534,0.4023708229003671,0.529719821942917,transitional
2025-05-14,0.1121389833055042,0.22293471012835187,0.40615732350962264,0.5482266719015836,transitional
2025-05-15,0.11316257961097383,0.22765824439197807,0.4087978548225803,0.5582155939298796,transitional
2025-05-16,0.11313686808796437,0.2258756738558962,0.4080257983636366,0.5557735059500458,transitional
2025-05-19,0.11325837357356758,0.23057151933724346,0.41150105773767814,0.5679738562091504,transitional
2025-05-20,0.11327492827264739,0.22799547207620025,0.4105127870653065,0.5629165033320266,transitional
2025-05-21,0.11428926962275833,0.23348981279674455,0.415971058207236,0.5839864158829676,transitional
2025-05-22,0.1142306631563492,0.2308306457124044,0.4148360877091671,0.5781433607520564,transitional
2025-05-23,0.11280029133318391,0.22236960690895508,0.41177344174556435,0.5608196293395981,transitional
2025-05-27,0.11283450405066692,0.21703544412558248,0.41262729353894984,0.5596868884540118,transitional
2025-05-28,0.11306211487188922,0.21952731651234414,0.4148844794784399,0.5679447052686489,transitional
2025-05-29,0.1133163843546302,0.2261468815982127,0.4150531516732304,0.5742406465910571,transitional
2025-05-30,0.11331642627942,0.22951979066963438,0.4162089645174965,0.5800104248110504,transitional
2025-06-02,0.11283177057519296,0.2209751725805912,0.4135415973345974,0.5642829230168035,transitional
2025-06-03,0.1129086280759698,0.22132389691086501,0.41367291922752875,0.5649739583333334,transitional
2025-06-04,0.11285967695992799,0.22853030351406112,0.418468637670036,0.5838865026682286,transitional
2025-06-05,0.11297026405241983,0.23342739854972888,0.41860184688560925,0.5902940411137132,transitional
2025-06-06,0.11359371868555945,0.23742344424444584,0.41918717504574277,0.5965665236051502,transitional
2025-06-09,0.11354962928230787,0.2408299351076794,0.4211099948644479,0.6030941237649506,transitional
2025-06-10,0.11348759514478832,0.24018336086014308,0.42203092704530654,0.603638726445744,transitional
2025-06-11,0.11319519703568538,0.23828939790497436,0.42105824667990754,0.5998960769030918,transitional
2025-06-12,0.114112253059902,0.2449061507153143,0.4238032348307299,0.6108297623685236,transitional
2025-06-13,0.1140481067737798,0.24440722684797844,0.42427156516104747,0.6115005192107996,transitional
2025-06-16,0.11425019476284815,0.24377964459384946,0.42357816729848624,0.6094459582198003,transitional
2025-06-17,0.11392593472766868,0.23152783122107023,0.4184221459108744,0.5874189364461738,transitional
2025-06-18,0.1139579445938182,0.23353537113989536,0.42089231697225366,0.5961363931025542,transitional
2025-06-20,0.11394537277646391,0.23309443426083237,0.4207521169201951,0.5951270088128564,transitional
2025-06-23,0.1135673712287177,0.2308739028483849,0.41980735803539204,0.5902318953232284,transitional
2025-06-24,0.11362502484844997,0.22951258328335036,0.4207046462074773,0.5897435897435898,transitional
2025-06-25,0.11362171558843184,0.23462460656728207,0.42592860010632666,0.6062135922330097,transitional
2025-06-26,0.11327283674114272,0.23628879058034205,0.4268378940850724,0.607919254658385,transitional
2025-06-27,0.11374127466614953,0.23935268403879575,0.42740585761461336,0.6125986288966498,transitional
2025-06-30,0.1143264237454003,0.24145916454185415,0.42820587235652025,0.617274372898888,transitional
2025-07-01,0.1127411447607236,0.25303856636691224,0.43579359899306164,0.6315109215458188,transitional
2025-07-02,0.10601227578094555,0.2458048525995303,0.44999551208721866,0.6412144702842377,transitional
2025-07-03,0.09940082906150731,0.20301063558361396,0.4587651713556422,0.5974428516079039,transitional
2025-07-07,0.0984440436180143,0.20903782927935216,0.4524546933798114,0.5985024528789052,transitional
2025-07-08,0.0729570736686006,0.13998102519933003,0.49124602244521737,0.49941927990708473,transitional
2025-07-09,0.06964841253220577,0.16684058953980557,0.4237875530654037,0.4107327141382869,calm
2025-07-10,0.06708899864037123,0.15440159017186067,0.4288565461489821,0.39136041263700844,calm
2025-07-11,0.06725517179260637,0.15377454274943345,0.43073716945806095,0.3917246713070379,calm
2025-07-14,0.06734310993075729,0.1555239054157337,0.43377906860597415,0.39981961087488727,calm
2025-07-15,0.06775175725425124,0.1720499890517483,0.449103323745705,0.44860896445131376,calm
2025-07-16,0.06760985160574794,0.17348113272019705,0.4495124030123252,0.4501094373632033,calm
2025-07-17,0.0673046935539525,0.2049727722158084,0.4295006520507876,0.4527670527670528,calm
2025-07-18,0.06710947862496511,0.21122301511891534,0.43136883127953507,0.4628843432394185,calm
2025-07-21,0.06838047572280077,0.23109635067027864,0.44293296282300504,0.507201646090535,transitional
2025-07-22,0.06442547884798898,0.19685927568190614,0.43099873534037453,0.4289754467155162,calm
2025-07-23,0.06455166001340595,0.1978968674907794,0.4338693457822064,0.4357491647391416,calm
2025-07-24,0.06377880470605775,0.19534731879572628,0.42992308414883335,0.419781631342325,calm
2025-07-25,0.06379066393096254,0.1934385281238128,0.4284034782241966,0.41640986132511554,calm
2025-07-28,0.06349986477781391,0.19125161428624643,0.4261537951215439,0.4086766782184572,calm
2025-07-29,0.06297513017855426,0.18210660433599873,0.4206475314007495,0.3833718244803695,calm
2025-07-30,0.06501673934308294,0.20349775502339376,0.4302842790625519,0.4393997691419777,calm
2025-07-31,0.06467672095142492,0.2117093220168768,0.43581147772746043,0.4593589743589744,calm
2025-08-01,0.06470709662147374,0.20449347684929003,0.4468196929862448,0.46597462514417537,calm
2025-08-04,0.06519891813460606,0.21343587502382588,0.4508772366809481,0.48923904688701,calm
2025-08-05,0.06343071749552046,0.20593655013299017,0.44016747628038894,0.44653604814957104,calm
2025-08-06,0.06332455051758688,0.2042529476414793,0.4382751934789922,0.4385560675883256,calm
2025-08-07,0.0629442039634965,0.23310089474206763,0.4363114816611109,0.4669225847728727,calm
2025-08-08,0.06270589829411034,0.23285203699643625,0.4383546976717573,0.46648759273471474,calm
2025-08-11,0.06119311342268851,0.22237506981457855,0.43152778529762414,0.4321697992584069,calm
2025-08-12,0.05952796749399952,0.20848182852051841,0.4236769288182576,0.39442740286298567,calm
2025-08-13,0.060181518362084935,0.21669411265043662,0.42868979381981365,0.4174013031812955,calm
2025-08-14,0.06070213535250803,0.22433671824317963,0.43432804477257325,0.43614303959131545,calm
2025-08-15,0.0608692054904473,0.23222776663066913,0.43842456727275037,0.45193412485637685,calm
2025-08-18,0.058958966764379055,0.23297795587623643,0.4472719339826225,0.45456865747830527,calm
2025-08-19,0.059052698183330844,0.23598600664582253,0.44921715168060045,0.4626865671641791,calm
2025-08-20,0.058299161601290984,0.2411342386347864,0.44914039186076576,0.4603417495536853,calm
2025-08-21,0.05826687207993158,0.26015583365547446,0.46873794640844135,0.5050350541746335,transitional
2025-08-22,0.06070444009409119,0.286527312333501,0.47806546048296483,0.5581039755351682,transitional
2025-08-25,0.06051862403165888,0.28703371531969374,0.4772623791628194,0.5558527576104955,transitional
2025-08-26,0.060598723160230863,0.28960561779967603,0.47924586642086137,0.5617519735166794,transitional
2025-08-27,0.059855262035445396,0.30788289895082094,0.49946116909386545,0.5987017945780833,transitional
2025-08-28,0.06014725604870793,0.3119498086802631,0.5004280004393012,0.6031806615776082,transitional
2025-08-29,0.05905587047444982,0.30650828086187953,0.49224275109253696,0.5798041460002543,transitional
2025-09-02,0.05886556835983218,0.28848371392776884,0.48207204803696146,0.5523773201118739,transitional
2025-09-03,0.05911434531168554,0.3047753238748464,0.48804837874759344,0.5717371965942305,transitional
2025-09-04,0.059309297925828494,0.3007574342025673,0.48512715130568906,0.5689786585365854,transitional
2025-09-05,0.060885363990393834,0.3089362276877182,0.4936074677989987,0.5973333333333333,transitional
2025-09-08,0.06206305178530108,0.31696019103288586,0.49774085110461513,0.6144960649911145,transitional
2025-09-09,0.06065126141535114,0.305265360047087,0.49053359270143637,0.5878695597005456,transitional
2025-09-10,0.06029305513487249,0.31055899060493053,0.49378581886039147,0.5939878234398783,transitional
2025-09-11,0.06009500987936925,0.3211997698456685,0.49865723663171246,0.6035247876252061,transitional
2025-09-12,0.06014363478835122,0.34555902319593346,0.522600164726349,0.6489226869455006,transitional
2025-09-15,0.060547633051162265,0.34985594955856564,0.5249006672280662,0.6567844925883694,transitional
2025-09-16,0.06048771338964102,0.3488981891088641,0.5241320990543147,0.6548885511651469,transitional
2025-09-17,0.06042767311077293,0.34849875976624245,0.5243660855959368,0.6542600329155589,transitional
2025-09-18,0.06098051418733593,0.3603075026443419,0.5332793397664125,0.6765375854214124,transitional
2025-09-19,0.06099078271712021,0.35492061538560626,0.5304544832680411,0.6702087286527515,transitional
2025-09-22,0.06095365405198756,0.34548950476875273,0.5221524231716476,0.6532625189681335,transitional
2025-09-23,0.059907424797145295,0.3423236873380849,0.5193340887869619,0.6391100998609531,transitional
2025-09-24,0.059974667284498635,0.34555391306866173,0.5212516568659362,0.6449330300732878,transitional
2025-09-25,0.060091652991382645,0.3445759436218819,0.5189288842622476,0.6406467096122269,transitional
2025-09-26,0.060253960220558796,0.35303383476019173,0.5224858518064714,0.6532828282828284,transitional
2025-09-29,0.06129853728719381,0.3677387759891787,0.531153536169622,0.6808027262400606,transitional
2025-09-30,0.06008703243670497,0.35580365141964027,0.5246872328510138,0.6559424678274035,transitional
2025-10-01,0.059505888465230125,0.35218257195202995,0.522640679460269,0.6473704124101399,transitional
2025-10-02,0.05884257816189822,0.3469228378814592,0.5200949455178232,0.632375189107413,transitional
2025-10-03,0.05885360996310715,0.3440634159254233,0.5173231495204464,0.6262129804662885,transitional
2025-10-06,0.05797937872292833,0.3306379665578615,0.5068872237177866,0.5977576215671454,transitional
2025-10-07,0.05764942870540078,0.32470425124323365,0.5013532298224234,0.5859463543634303,transitional
2025-10-08,0.05678347113776981,0.30882330573096184,0.49159640040826424,0.5563947633434039,transitional
2025-10-09,0.05882138852642624,0.32074325401661624,0.4972153448511093,0.5847489618724047,transitional
2025-10-10,0.05882101806223388,0.2848956519617107,0.49470864677100146,0.5642767295597484,transitional
2025-10-13,0.06065377483171301,0.2907356671787945,0.49149400737246884,0.5812900792153904,transitional
2025-10-14,0.05944241624102397,0.280471585728138,0.48374475203093814,0.5517848164906988,transitional
2025-10-15,0.059584573795366254,0.2762841177076889,0.4776795611725608,0.5383842191230054,transitional
2025-10-16,0.06016397757596264,0.2832910057086692,0.48736215654108034,0.5640542577241899,transitional
2025-10-17,0.060319493213937245,0.27525870190375923,0.48438055220375204,0.5559322033898305,transitional
2025-10-20,0.06297545966000367,0.2868926332823609,0.48848459325677035,0.592745983935743,transitional
2025-10-21,0.06808935714294675,0.259278340138654,0.4683554959663974,0.5708192196713086,transitional
2025-10-22,0.06785510341521488,0.26719596311042937,0.4721932098994995,0.5840230749937296,transitional
2025-10-23,0.06559221574664623,0.24890018273046385,0.46255025324997384,0.5387990472608751,transitional
2025-10-24,0.06554683876384344,0.24722189515727006,0.4625014828483225,0.5363408521303258,transitional
2025-10-27,0.06503287015244191,0.2557823186164268,0.45285981082247195,0.5315044469497682,transitional
2025-10-28,0.06471005600607983,0.25136862605595994,0.45004448417876736,0.5196594039569246,transitional
2025-10-29,0.06591728075560054,0.26334798910007573,0.4600315175569595,0.5531355613969208,transitional
2025-10-30,0.06608631549538241,0.2693977298458571,0.4683960727288672,0.5701951951951952,transitional
2025-10-31,0.06631502851681252,0.2742712202772503,0.47313395070899217,0.5841150719199499,transitional
2025-11-03,0.06634470733827896,0.27823815057683776,0.4755588343088506,0.5907726931732933,transitional
2025-11-04,0.06782924539053692,0.28166166338596654,0.47050542712891,0.5905511811023622,transitional
2025-11-05,0.06777682019005547,0.27754459102426365,0.46745768047911873,0.5815842078960519,transitional
2025-11-06,0.0672108710247561,0.2587695097752157,0.4605798880844262,0.5537654552266766,transitional
2025-11-07,0.06646739154532788,0.25138196638198146,0.4549726672288519,0.5362047440699126,transitional
2025-11-10,0.06827136175312472,0.2582679934842421,0.45766357443231476,0.5565955322600774,transitional
2025-11-11,0.06804851475366515,0.2540238509502658,0.45378888215297497,0.5451596806387226,transitional
2025-11-12,0.06801191404812529,0.2549403304853253,0.45483054073809814,0.5473251028806584,transitional
2025-11-13,0.06992852239459522,0.2580796522285523,0.44943530615715777,0.5538519072550486,transitional
2025-11-14,0.07054853607200907,0.2571577430095174,0.4484775421546854,0.5537694704049844,transitional
2025-11-17,0.06881113189023152,0.22980236045423164,0.4343738115995681,0.4931489785749876,calm
2025-11-18,0.06829961659418299,0.22285167152732774,0.4313036777985633,0.47852073216286883,calm
2025-11-19,0.06827165288180814,0.21893546016518156,0.430110999429435,0.47348767737117253,calm
2025-11-20,0.06846245501607673,0.21399416242137498,0.430431816772158,0.469578200821202,calm
2025-11-21,0.06837196387202465,0.2147129460593546,0.430659567604541,0.47002487562189055,calm
2025-11-24,0.06988183657906459,0.22790423340479507,0.43526246877285607,0.49869451697127937,transitional
2025-11-25,0.07001857508101299,0.2325839212242411,0.4338408324931498,0.5033557046979865,transitional
2025-11-26,0.06968050624650687,0.22954576513314384,0.4307591471909546,0.4919865821841223,calm
2025-11-28,0.06952623642009678,0.22825465311594764,0.43332836508956707,0.49416294088425244,calm
2025-12-01,0.06883557555212101,0.22389741575339572,0.42217681728413703,0.46815642458100565,calm
2025-12-02,0.06771161096587262,0.21331246790950514,0.4156897867702381,0.4350955572102258,calm
2025-12-03,0.06776720822990115,0.2116460610437473,0.4149571565543324,0.4314601166108423,calm
2025-12-04,0.06771811994099632,0.21115120996018968,0.4149474935302724,0.4304315476190476,calm
2025-12-05,0.06737246841336987,0.2042256606201475,0.41061304724677233,0.4042394942357754,calm
2025-12-08,0.06754442755653925,0.2055163762379461,0.41069886869383493,0.40817843866171,calm
2025-12-09,0.06693790823120725,0.1987355090963193,0.40749619604462617,0.3890746934225195,calm
2025-12-10,0.06762925111668026,0.20982869474169305,0.414104723366987,0.42657256067360083,calm
2025-12-11,0.06734092664717396,0.20659685848317114,0.4125828101673345,0.4155217229855181,calm
2025-12-12,0.06759414024142438,0.21211866676905666,0.41177756925880704,0.42341004701806484,calm
2025-12-15,0.06757015060909793,0.2152269475239171,0.41247285607048506,0.42956091527520107,calm
2025-12-16,0.06726560065595148,0.2188604199825031,0.41804002431948595,0.44547477744807124,calm
2025-12-17,0.06736663110190264,0.22217444738375738,0.41958695818467506,0.45396119144728714,calm
2025-12-18,0.06648764962147503,0.2130439895404519,0.414646645272288,0.4258710155670867,calm
2025-12-19,0.06626560812411104,0.20892940817929856,0.41384343744060037,0.4163270347042114,calm
2025-12-22,0.06721215765609584,0.20890202400820276,0.41116829477568634,0.41271604938271605,calm
2025-12-23,0.06655751582143353,0.2031347793806157,0.4078627588287846,0.3919535974330495,calm
2025-12-24,0.06655742722470971,0.20255172120742934,0.40794032251994083,0.39143844066123856,calm
2025-12-26,0.0664491889966747,0.20002396767512237,0.40635612869010207,0.3848809964237267,calm
2025-12-29,0.06893597847453138,0.1947450972230537,0.40662841110980674,0.39595660749506906,calm
2025-12-30,0.06902651920146075,0.19808353928822992,0.40927572046711513,0.40628465804066544,calm
2025-12-31,0.06980849244443668,0.2088096049220655,0.41086136047967897,0.42953929539295393,calm
2026-01-02,0.06980071689799455,0.2142613883245353,0.416212690642824,0.45339243935475926,calm
2026-01-05,0.07189242871484458,0.2348550191611262,0.42596848809918475,0.5091088133924176,transitional
2026-01-06,0.0705638189889753,0.22457648248052625,0.4228126734560156,0.48271194782822685,calm
2026-01-07,0.07072379775806437,0.2575975621328125,0.4405926593167043,0.5472324723247233,transitional
2026-01-08,0.06887154609038892,0.25395562561537754,0.4423280881834899,0.5346120742653387,transitional
2026-01-09,0.06924382538780958,0.255267945037119,0.4431324783734039,0.539331366764995,transitional
2026-01-12,0.06906748931529177,0.2519011785843058,0.4416552963422547,0.532374984641848,transitional
2026-01-13,0.06806135360618194,0.24845462872726096,0.44131237847570454,0.5218619503807418,transitional
2026-01-14,0.06781888510328056,0.24739500494948802,0.4395652207411385,0.5171270718232045,transitional
2026-01-15,0.06474974737666439,0.2386435501587219,0.43810675905451013,0.4867452135493373,calm
2026-01-16,0.059603979418141655,0.25213786755148315,0.4418447233853311,0.46264262053735733,calm
2026-01-20,0.0595464750150216,0.21904142213518568,0.44664685521447506,0.4376992886926662,calm
2026-01-21,0.06143370391776948,0.2325491583519231,0.4519509764591408,0.4762780433983082,calm
2026-01-22,0.06286634530166803,0.24700609947932134,0.4552225162208278,0.5064950980392157,transitional
2026-01-23,0.06346138828750499,0.26249580900674835,0.4535623921208364,0.527134631875536,transitional
2026-01-26,0.06413646448126331,0.2723125244087961,0.45803793193482356,0.5464119519960813,transitional
2026-01-27,0.0639565621480923,0.2521638738044164,0.44563389584110047,0.5061819072101849,transitional
2026-01-28,0.06473553757313963,0.2432052005090644,0.43840641773397876,0.4913117963778757,calm
2026-01-29,0.06443563978531167,0.24296527445607885,0.4410070659651527,0.49370030581039753,calm
2026-01-30,0.08299801556550834,0.27838947451556545,0.45052483106530317,0.6414771337735387,transitional
2026-02-02,0.08340784075395169,0.2787132831335651,0.45518778917875147,0.6504094853929838,transitional
2026-02-03,0.08654016356780828,0.2794670455362619,0.45878155796029246,0.6648338220918867,transitional
2026-02-04,0.08683391687177124,0.29689295942834776,0.4737933723350879,0.7007450836692316,transitional
2026-02-05,0.0880591033394145,0.2669413518983109,0.44788793083219414,0.6412698412698413,transitional
2026-02-06,0.08910406411428481,0.27338793589758914,0.44932591850960685,0.6499450750640791,transitional
2026-02-09,0.08997847093905462,0.2785390455240778,0.45112179484833115,0.6582479258174719,transitional
2026-02-10,0.08991392745364679,0.2670751143533956,0.4419898517352398,0.632638126600805,transitional
2026-02-11,0.08851279681931809,0.2644284721623649,0.43663532611986194,0.6193611314313582,transitional
2026-02-12,0.0888188515409807,0.22974600688894237,0.41238844535696273,0.5343083485679464,transitional
2026-02-13,0.08923357092192728,0.235899462113181,0.41553915932034097,0.5515350877192983,transitional
2026-02-17,0.0906313700801848,0.23460362941959417,0.41445082608362144,0.5507246376811594,transitional
2026-02-18,0.09069696025163172,0.23314971632954423,0.414298858487994,0.5495495495495496,transitional
2026-02-19,0.09055028274112185,0.24123439028144777,0.4204181909968486,0.5729585006693441,transitional
2026-02-20,0.09076016587224928,0.23640565310393677,0.4155222062620519,0.55669099756691,transitional
2026-02-23,0.08987360015609172,0.22171223452394662,0.4063948318793228,0.5119785966192388,transitional
2026-02-24,0.0898035273521235,0.2156712365293835,0.4029506771650979,0.4980549477267202,transitional
2026-02-25,0.08929670452628885,0.20531182390301655,0.39827989314522266,0.4745412565317779,calm
2026-02-26,0.08925531492083805,0.20483445919886845,0.3977849856825391,0.47254616132167154,calm
2026-02-27,0.08875970322387913,0.19244069988399928,0.388683626590543,0.4444444444444444,calm
2026-03-02,0.08880116354120433,0.19626273226933522,0.3915284495296767,0.45217285748968195,calm
2026-03-03,0.09247367331868163,0.2050957476081429,0.3898608297493759,0.4694818589976945,calm
2026-03-04,0.09245618101736036,0.20263001937102015,0.38763202618910636,0.4621542940320233,calm
2026-03-05,0.09330429623942096,0.21211739946718217,0.3909220324732765,0.48296350187947135,calm
2026-03-06,0.09311836184877353,0.2068196544695419,0.39229093458293157,0.4753939393939393,calm
2026-03-09,0.09349856565631297,0.2169877161700049,0.4006516587007055,0.5027262813522356,transitional
2026-03-10,0.09321554523148867,0.20794376512631513,0.3982474142063069,0.4859496124031007,calm
2026-03-11,0.09395663205609213,0.21194782969949713,0.3990643616906177,0.4941276183557332,calm
2026-03-12,0.09568905160533174,0.22156419335964056,0.3964542975544117,0.5024207213749697,transitional
2026-03-13,0.09702648184558803,0.23567787802176737,0.4046473948005594,0.5334543254688445,transitional
2026-03-16,0.09764723567055558,0.25014144676454414,0.4170360072528539,0.5809143686502177,transitional
2026-03-17,0.09759942569012249,0.2490273763493837,0.41520132128159215,0.574295732075928,transitional
2026-03-18,0.10105385267135504,0.27284044454503764,0.42944249964282155,0.6319796954314721,transitional
2026-03-19,0.10148511173263162,0.2630424828041723,0.4308145560894247,0.6266763320043495,transitional
2026-03-20,0.10629183055554814,0.31305174531221575,0.4676377043588619,0.7206521739130435,stressed
2026-03-23,0.1059015628185062,0.31221151301599626,0.4728663294689563,0.7304116865869853,stressed
2026-03-24,0.105928962320126,0.31388492344109076,0.47395273034564556,0.7332850591358918,stressed
2026-03-25,0.1077550422399601,0.32009562138258857,0.47708578975895116,0.7396549644106646,stressed
2026-03-26,0.11078783471173909,0.3483390170514517,0.4950790449908461,0.7888326097443318,stressed
2026-03-27,0.11080706146124727,0.3407998833713911,0.49328113335966395,0.7815551537070524,stressed
2026-03-30,0.11045467718540308,0.32553091129068595,0.4803717347271176,0.749819233550253,stressed
2026-03-31,0.1148014119637522,0.334419609211312,0.48365838064119765,0.770268642332249,stressed
2026-04-01,0.11380667999894191,0.32658979005342587,0.47801157290381147,0.7527697495183044,stressed
2026-04-02,0.11385712240883425,0.32102600626754013,0.47386453995149697,0.7452750692187312,stressed
2026-04-06,0.11379719842851205,0.32209635243971596,0.4747152861556724,0.74632972322503,stressed
2026-04-07,0.11394709810022934,0.32285502208345335,0.47504887534518936,0.7472633225069168,stressed
2026-04-08,0.11531158209923523,0.3317185093022655,0.48254122145280554,0.7662337662337663,stressed
2026-04-09,0.11512297371243042,0.3329727869700968,0.4835267799836711,0.7690828224546219,stressed
2026-04-10,0.11513902113778798,0.3329233781589691,0.4835247325055491,0.7688055755827925,stressed
2026-04-13,0.11516960290937128,0.3356868892851573,0.4869401832676221,0.7764564564564566,stressed
2026-04-14,0.11667705408293827,0.3453346977485342,0.493744555095226,0.7963496637848223,stressed
2026-04-15,0.11655256583345121,0.3428316893475638,0.49176170941580544,0.7915016204537272,stressed
2026-04-16,0.11669599746900204,0.36001938687633167,0.5004158407773193,0.8158147348212142,stressed
2026-04-17,0.11670009335427735,0.3598498476508977,0.5003614515944462,0.8155211706848986,stressed
2026-04-20,0.11593438189340637,0.3551488337662796,0.4970858746870857,0.8052757793764987,stressed
2026-04-21,0.11705180294933427,0.36494182579357937,0.5044855888644344,0.8240441088337529,stressed
2026-04-22,0.11705476689616676,0.364424159520376,0.5042723980759313,0.8233884495566738,stressed
2026-04-23,0.11654572063427987,0.3780081097893384,0.5160149252963139,0.8421367828482452,stressed
2026-04-24,0.11605691057645041,0.3842535631370939,0.5194571865531332,0.8488984674329502,stressed
2026-04-27,0.11616115017328965,0.38400813413937834,0.5190910976335255,0.8484739676840215,stressed
2026-04-28,0.10530961705376769,0.373029512724473,0.5133161806872472,0.8194544149318018,stressed
2026-04-29,0.10462653431560834,0.37834488772265634,0.5167312604288481,0.8263365626121276,stressed
2026-04-30,0.10257941933866994,0.3891329807729025,0.5231333890289266,0.8401482544237208,stressed
2026-05-01,0.10246923667461988,0.38730754776819953,0.5214997328795038,0.8367395721286005,stressed
2026-05-04,0.10279661330068322,0.4154798951414035,0.544613498042829,0.8738351254480287,stressed
2026-05-05,0.1006522703033368,0.41309500019617673,0.5442377990490831,0.8680281858354233,stressed
2026-05-06,0.1026375155709903,0.4275093189833673,0.5549644232661868,0.8827602674307545,stressed
2026-05-07,0.10275589037929153,0.43827939843934705,0.5640992345920118,0.8910371166010265,stressed
2026-05-08,0.10336565939460328,0.44507254748408986,0.5691032560632089,0.8976377952755906,stressed
2026-05-11,0.10250091100388188,0.47319498035081126,0.5917130117956166,0.9123434704830053,stressed
2026-05-12,0.10172723272091716,0.47267540534776514,0.5921081270921088,0.9115402956604672,stressed
2026-05-13,0.10080415000626526,0.47763610470556983,0.5962670902523695,0.9118102729114529,stressed
2026-05-14,0.1005754692587683,0.47420197840443234,0.5922897240877467,0.9085060757684059,stressed
2026-05-15,0.10376459728811797,0.49486511027097546,0.6076058480778782,0.9262831963796594,stressed
2026-05-18,0.10325329738703837,0.4896723409723956,0.6034311662377717,0.9217857142857143,stressed
2026-05-19,0.10371123398073,0.5032316326397939,0.6139321961278085,0.9306200166607165,stressed
2026-05-20,0.10561732564994153,0.5137034286197965,0.6214863850331129,0.9369497977635023,stressed
2026-05-21,0.10556376559809774,0.513781318905868,0.6215369529047073,0.9368533713877988,stressed
2026-05-22,0.10557275136333492,0.5181987754151453,0.6251514851034189,0.9403233475986686,stressed
2026-05-26,0.1056628079450097,0.52372156504232,0.6298436707172658,0.9446226975638741,stressed
2026-05-27,0.10572008904568471,0.5283635274790642,0.632499464448977,0.9465431218816821,stressed
2026-05-28,0.10355155957654151,0.5304434588748372,0.6344704181457548,0.944424652654079,stressed
2026-05-29,0.10358975629315544,0.5317593317001139,0.6356040664706498,0.9449192782526117,stressed
2026-06-01,0.1030737000084955,0.5277959841343145,0.6327031590554492,0.9422095644950753,stressed
2026-06-02,0.10309885363541388,0.539633214570825,0.6411433159463549,0.9453143534994068,stressed
2026-06-03,0.10314554757015551,0.5413551946408617,0.6421174616517038,0.9458081347088818,stressed
2026-06-04,0.10335329966797488,0.5514809213933991,0.6494840162264941,0.94950213371266,stressed
2026-06-05,0.10792204674082256,0.5736508789564954,0.6659760366213809,0.9578149069795,stressed
2026-06-08,0.10619829346262091,0.5664613791871986,0.6606581331537515,0.954868514570007,stressed
2026-06-09,0.10519717790763192,0.5543108023155989,0.6513422105514357,0.952161042036708,stressed
2026-06-10,0.10750414243940801,0.5500866776332418,0.6477643029468692,0.9519412878787877,stressed
2026-06-11,0.11173258554219952,0.5689985615389426,0.6627936895937921,0.9604780499349189,stressed
2026-06-12,0.1087447427008708,0.5546257513059533,0.6520323929737961,0.9542228530872959,stressed
2026-06-15,0.1097665095063631,0.5838731693577075,0.6721213224288851,0.9612155610736668,stressed
2026-06-16,0.10394260968807786,0.5480615184811356,0.6442735066852119,0.9466903073286052,stressed
2026-06-17,0.1059072226934499,0.5612407923549756,0.6544726547320062,0.9529717594233723,stressed
2026-06-18,0.1057485187545342,0.5496864763803174,0.6463876375050794,0.9488542404913772,stressed
2026-06-22,0.10429276947519864,0.545741708077148,0.6436142495254726,0.9459204156334868,stressed
2026-06-23,0.10046381554119772,0.5210641577767122,0.6229631565782483,0.9250472143531634,stressed
2026-06-24,0.10068077553722564,0.5207360908491783,0.6241506177238811,0.9263716814159292,stressed
2026-06-25,0.10077165360884421,0.5448076008370284,0.6420123501940165,0.9367775418730832,stressed
2026-06-26,0.09590676647306638,0.5408851310929339,0.6375669058395717,0.928546162009197,stressed
2026-06-29,0.09519679426605089,0.535094153009596,0.6328081670718618,0.9266855256954267,stressed
2026-06-30,0.0951138484708896,0.53598668193578,0.63295734436493,0.9265936137622246,stressed
2026-07-01,0.09512068276220248,0.5326307817675187,0.6304255417833853,0.9250883392226149,stressed
2026-07-02,0.09549293988981088,0.5300378836772793,0.6282542920107379,0.9235841281054986,stressed
2026-07-06,0.09364731119309203,0.5201410781916408,0.6210663820541849,0.9138418079096046,stressed
2026-07-07,0.09438439640868884,0.5145484106909026,0.617780883452518,0.9104600541240147,stressed
2026-07-08,0.09448215399147507,0.5143410314155595,0.6179168822562212,0.9104916490237591,stressed
2026-07-09,0.09467736654325697,0.513790168438684,0.6176723143592153,0.9098177542621987,stressed
2026-07-10,0.09247895758444825,0.5005373587310868,0.6074858869753595,0.9022096850023508,stressed
2026-07-13,0.09438634889483458,0.5144513328841354,0.6184610419465434,0.9105863000822465,stressed
2026-07-14,0.09490696765053552,0.5188110942371205,0.622234054770692,0.9157857646229739,stressed
2026-07-15,0.09385593911059538,0.5144733523458515,0.6179605143098397,0.9091229306093696,stressed
2026-07-16,0.0945425510772101,0.5160112219206332,0.618910427741833,0.911150234741784,stressed
2026-07-17,0.09268093299711747,0.49959574612814495,0.605776014811473,0.8999178692948492,stressed
2026-07-20,0.0919859342799789,0.4965010818668042,0.6031147032736136,0.8970208773164439,stressed
2026-07-21,0.0920471129190819,0.48250302124284933,0.5921262529607376,0.8886153124633602,stressed
2026-07-22,0.09161454295554652,0.4768213247048136,0.5878182667048036,0.8836146272855133,stressed
2026-07-23,0.0930222550049674,0.4850494339545814,0.5942617624642067,0.8906854130052725,stressed
2026-07-24,0.09265365588352346,0.48752110901339873,0.5963650000992061,0.8915436870461466,stressed
2026-07-27,0.09230208476653326,0.48253100811220156,0.5931078015935342,0.8884205596534364,stressed
2026-07-28,0.09109954453547114,0.47611643498596423,0.5882391251576865,0.8819054307116104,stressed
2026-07-29,0.09167640799247576,0.4561082173639349,0.5752849022506461,0.8723528723528724,stressed
2026-07-30,0.09244510383318656,0.4561882521793419,0.5743973242434713,0.8728654970760235,stressed
2026-07-31,0.09189948086512233,0.44856702024567985,0.5678554854391594,0.8668303519233017,stressed
2026-08-03,0.08857581425639459,0.42449557278842354,0.5501235040925248,0.8408134642356241,stressed
2026-08-04,0.09017959503446847,0.43343150323595514,0.5579614058939039,0.8523191961677766,stressed
2026-08-05,0.0912522408068693,0.4163602310415647,0.5450633241309081,0.8419761737911703,stressed
2026-08-06,0.09134533483338302,0.4181306359449833,0.5465182199614741,0.8440163455925278,stressed
2026-08-07,0.09231079546301683,0.41974540394012116,0.5478718236760141,0.8469887955182074,stressed
2026-08-10,0.09231242378067202,0.41298046397035765,0.5424824543813329,0.84039201960098,stressed
2026-08-11,0.09227726810061095,0.4227873910208656,0.5486315101850872,0.847679029624446,stressed
2026-08-12,0.08870474483629931,0.3905374828109832,0.5257454941901057,0.8041273172437915,stressed
2026-08-13,0.08865860112683396,0.39265896992618843,0.5265513891723883,0.8057109557109557,stressed
2026-08-14,0.08730115559683013,0.37535981985529876,0.5142249817042361,0.777467086100431,stressed
2026-08-17,0.08530814590593176,0.35518419202309437,0.49988316404217426,0.7460982995574191,stressed
2026-08-18,0.08563796146537399,0.35112528485932726,0.49616448683790737,0.7375713121434392,stressed
2026-08-19,0.09026180483795579,0.3793560220335472,0.5141092907180091,0.7864292364990688,stressed
2026-08-20,0.09028860808757587,0.3757591649437276,0.5120643771273526,0.7815008726003491,stressed
2026-08-21,0.09052208796685916,0.3753023010768206,0.5116108108672058,0.7806466620144219,stressed
2026-08-24,0.09009247352841984,0.3691261323680991,0.5066387069321296,0.7709568654807581,stressed
2026-08-25,0.09047485034806355,0.37056069296194194,0.5073376887517669,0.7744072524407253,stressed
2026-08-26,0.0908735628967805,0.3732442353220227,0.5089847619833191,0.7783199721157198,stressed
2026-08-27,0.0908859013713921,0.3719118063424605,0.5079133125002752,0.7764227642276422,stressed
2026-08-28,0.09209995761878517,0.3722182682726495,0.5079553011955696,0.7790549169859515,stressed
2026-08-31,0.09190916634243862,0.37072303235259885,0.5068519195578808,0.7765784586815228,stressed
2026-09-01,0.08791253951307232,0.34662315920940884,0.49028033164168033,0.7273465599257455,stressed
2026-09-02,0.08827356692705779,0.34616834611837877,0.4908958568259813,0.7292971468336812,stressed
2026-09-03,0.08931787879784872,0.35813972584593046,0.49969257094979136,0.7535072463768117,stressed
2026-09-04,0.08538480357103613,0.3516149664463529,0.4941010865353162,0.7318034306907742,stressed
